{
    "brothers":[{"scroll":"228","active":0,"pc":25,"nickname":"Unknown","fname":"Robert","isZetaTau":false,"lname":"Zeoli","big":213},{"scroll":"328","active":0,"pc":39,"nickname":"Unknown","fname":"Eric","isZetaTau":false,"lname":"Prosswimmer","big":270},{"scroll":"99","active":0,"pc":10,"nickname":"Unknown","fname":"Douglas","isZetaTau":false,"lname":"Dorman","big":92},{"scroll":"475","active":0,"pc":64,"nickname":"Unknown","fname":"Joshua","isZetaTau":false,"lname":"Burnett","big":459},{"scroll":"566","active":0,"pc":87,"nickname":"Freakin Reakin","fname":"Tulio","isZetaTau":false,"lname":"Silberberg","big":542},{"scroll":"63","active":0,"pc":4,"nickname":"Unknown","fname":"Philip","isZetaTau":false,"lname":"Whitebay","big":42},{"scroll":"141","active":0,"pc":16,"nickname":"Unknown","fname":"Vincent","isZetaTau":false,"lname":"Frandino","big":134},{"scroll":"468","active":0,"pc":62,"nickname":"Unknown","fname":"Derrick","isZetaTau":false,"lname":"Lawrence","big":460},{"scroll":"207","active":0,"pc":24,"nickname":"Unknown","fname":"Michael","isZetaTau":false,"lname":"Chaladoff","big":179},{"scroll":"608","active":0,"pc":93,"nickname":"Gay Beard The Pirate","fname":"Spencer","isZetaTau":false,"lname":"Locke","big":584},{"scroll":"597","active":0,"pc":93,"nickname":"Anal Espionage","fname":"Thomas","isZetaTau":false,"lname":"Appel","big":595},{"scroll":"195","active":0,"pc":21,"nickname":"Unknown","fname":"Mark","isZetaTau":false,"lname":"Pincince","big":181},{"scroll":"467","active":0,"pc":62,"nickname":"Unknown","fname":"James","isZetaTau":false,"lname":"DeFelice","big":464},{"scroll":"92","active":0,"pc":0,"nickname":"Unknown","fname":"William","isZetaTau":false,"lname":"Carwile","big":9},{"scroll":"357","active":0,"pc":42,"nickname":"Unknown","fname":"Anthony","isZetaTau":false,"lname":"Lampuri","big":298},{"scroll":"120","active":0,"pc":12,"nickname":"Unknown","fname":"Joseph","isZetaTau":false,"lname":"Schimizzi","big":101},{"scroll":"440","active":0,"pc":55,"nickname":"Unknown","fname":"Eric","isZetaTau":false,"lname":"Heilig","big":433},{"scroll":"675","active":0,"pc":101,"nickname":"Really Into Weed","fname":"Jacob","isZetaTau":false,"lname":"Young","big":662},{"scroll":"420","active":0,"pc":51,"nickname":"Unknown","fname":"James","isZetaTau":false,"lname":"Shahid","big":393},{"scroll":"231","active":0,"pc":26,"nickname":"Unknown","fname":"Allen","isZetaTau":false,"lname":"Dalton","big":0},{"scroll":"168","active":0,"pc":18,"nickname":"Unknown","fname":"Jeffrey","isZetaTau":false,"lname":"Gurney","big":138},{"scroll":"493","active":0,"pc":65,"nickname":"Dunesberry","fname":"Timothy","isZetaTau":false,"lname":"Pidlypchak","big":478},{"scroll":"365","active":0,"pc":43,"nickname":"Unknown","fname":"Scott","isZetaTau":false,"lname":"Martin","big":329},{"scroll":"64","active":0,"pc":5,"nickname":"Unknown","fname":"Lester","isZetaTau":false,"lname":"Battist","big":11},{"scroll":"103","active":0,"pc":10,"nickname":"Unknown","fname":"Jeffrey","isZetaTau":false,"lname":"Welch","big":88},{"scroll":"242","active":0,"pc":28,"nickname":"Unknown","fname":"David","isZetaTau":false,"lname":"Hanson","big":221},{"scroll":"102","active":0,"pc":10,"nickname":"Unknown","fname":"Ralph","isZetaTau":false,"lname":"Hattenbach","big":32},{"scroll":"204","active":0,"pc":23,"nickname":"Unknown","fname":"Daniel","isZetaTau":false,"lname":"Clingan","big":179},{"scroll":"290","active":0,"pc":35,"nickname":"Unknown","fname":"Douglas","isZetaTau":false,"lname":"Kaufman","big":280},{"scroll":"466","active":0,"pc":62,"nickname":"Unknown","fname":"Vincent","isZetaTau":false,"lname":"Cuciti","big":0},{"scroll":"387","active":0,"pc":46,"nickname":"Unknown","fname":"Gregory","isZetaTau":false,"lname":"Nunez","big":357},{"scroll":"307","active":0,"pc":37,"nickname":"Unknown","fname":"John","isZetaTau":false,"lname":"Assaro","big":258},{"scroll":"279","active":0,"pc":33,"nickname":"Unknown","fname":"Craig","isZetaTau":false,"lname":"Wicke","big":252},{"scroll":"351","active":0,"pc":42,"nickname":"Unknown","fname":"Robert","isZetaTau":false,"lname":"Anderson","big":335},{"scroll":"257","active":0,"pc":31,"nickname":"Unknown","fname":"Robert","isZetaTau":false,"lname":"Martin","big":0},{"scroll":"642","active":1,"pc":97,"nickname":"Derek Has A Meeting Boner","fname":"Jordan","isZetaTau":false,"lname":"Staley","big":611},{"scroll":"36","active":0,"pc":2,"nickname":"Unknown","fname":"Wade","isZetaTau":false,"lname":"Winter","big":48},{"scroll":"49","active":0,"pc":1,"nickname":"Unknown","fname":"Stuart","isZetaTau":true,"lname":"Barney","big":7},{"scroll":"280","active":0,"pc":34,"nickname":"Unknown","fname":"Ward","isZetaTau":false,"lname":"Ackerson","big":265},{"scroll":"298","active":0,"pc":36,"nickname":"Unknown","fname":"George","isZetaTau":false,"lname":"Mahnke","big":278},{"scroll":"167","active":0,"pc":18,"nickname":"Unknown","fname":"Stephen","isZetaTau":false,"lname":"Fletcher","big":126},{"scroll":"147","active":0,"pc":16,"nickname":"Unknown","fname":"Robert","isZetaTau":false,"lname":"Kubis","big":105},{"scroll":"665","active":0,"pc":100,"nickname":"Hinckley Jr. Jr.","fname":"Adam","isZetaTau":false,"lname":"Morton","big":635},{"scroll":"348","active":0,"pc":41,"nickname":"Unknown","fname":"Kenny","isZetaTau":false,"lname":"Reece","big":328},{"scroll":"33","active":0,"pc":2,"nickname":"Unknown","fname":"Andrew","isZetaTau":false,"lname":"Weiss","big":9},{"scroll":"511","active":0,"pc":73,"nickname":"Brain","fname":"Michael","isZetaTau":false,"lname":"Schenck","big":494},{"scroll":"529","active":0,"pc":77,"nickname":"Dumber","fname":"John","isZetaTau":false,"lname":"Buehler","big":518},{"scroll":"186","active":0,"pc":20,"nickname":"Unknown","fname":"John","isZetaTau":false,"lname":"Thurber","big":117},{"scroll":"275","active":0,"pc":33,"nickname":"Unknown","fname":"Thomas","isZetaTau":false,"lname":"Roelli","big":0},{"scroll":"325","active":0,"pc":39,"nickname":"Unknown","fname":"William","isZetaTau":false,"lname":"Meyerjack","big":0},{"scroll":"22","active":0,"pc":0,"nickname":"Unknown","fname":"Richard","isZetaTau":false,"lname":"Begbie","big":0},{"scroll":"172","active":0,"pc":18,"nickname":"Unknown","fname":"Christopher","isZetaTau":false,"lname":"Miller","big":114},{"scroll":"139","active":0,"pc":16,"nickname":"Unknown","fname":"David","isZetaTau":false,"lname":"Byers","big":118},{"scroll":"451","active":0,"pc":58,"nickname":"Unknown","fname":"Erich","isZetaTau":false,"lname":"Buehner","big":422},{"scroll":"469","active":0,"pc":62,"nickname":"Unknown","fname":"Jonathon","isZetaTau":false,"lname":"Pak","big":0},{"scroll":"462","active":0,"pc":59,"nickname":"Unknown","fname":"Brandon","isZetaTau":false,"lname":"Walker","big":449},{"scroll":"18","active":0,"pc":1,"nickname":"Unknown","fname":"Jeffrey","isZetaTau":true,"lname":"Reynolds","big":0},{"scroll":"518","active":0,"pc":75,"nickname":"Dumb","fname":"Geoffrey","isZetaTau":false,"lname":"Cassell","big":463},{"scroll":"435","active":0,"pc":55,"nickname":"Unknown","fname":"David","isZetaTau":false,"lname":"Chiu","big":431},{"scroll":"625","active":0,"pc":94,"nickname":"I'll Give You A Nickel To Tickle My Pickle","fname":"John","isZetaTau":false,"lname":"Tellgren","big":596},{"scroll":"314","active":0,"pc":39,"nickname":"Unknown","fname":"Brian","isZetaTau":false,"lname":"Bennardo","big":266},{"scroll":"505","active":0,"pc":70,"nickname":"Chomp","fname":"Brian","isZetaTau":false,"lname":"Butler","big":493},{"scroll":"251","active":0,"pc":30,"nickname":"Unknown","fname":"Frank","isZetaTau":false,"lname":"Guida","big":225},{"scroll":"535","active":0,"pc":78,"nickname":"Crabs","fname":"Matthew","isZetaTau":false,"lname":"Grimard","big":518},{"scroll":"50","active":0,"pc":1,"nickname":"Unknown","fname":"Richard","isZetaTau":true,"lname":"Bell","big":0},{"scroll":"431","active":0,"pc":54,"nickname":"Unknown","fname":"Matthew","isZetaTau":false,"lname":"Moran","big":354},{"scroll":"554","active":0,"pc":84,"nickname":"Yogi","fname":"Andrew","isZetaTau":false,"lname":"Karki","big":536},{"scroll":"300","active":0,"pc":36,"nickname":"Unknown","fname":"Joseph","isZetaTau":false,"lname":"McMahon","big":251},{"scroll":"378","active":0,"pc":45,"nickname":"Unknown","fname":"Kim","isZetaTau":false,"lname":"King","big":338},{"scroll":"344","active":0,"pc":40,"nickname":"Unknown","fname":"Walter","isZetaTau":false,"lname":"Wong","big":328},{"scroll":"561","active":0,"pc":86,"nickname":"Tweedle Dumb","fname":"Matthew","isZetaTau":false,"lname":"Marshall","big":554},{"scroll":"191","active":0,"pc":21,"nickname":"Unknown","fname":"Craig","isZetaTau":false,"lname":"Jeffrey","big":168},{"scroll":"174","active":0,"pc":18,"nickname":"Unknown","fname":"Joseph","isZetaTau":false,"lname":"Powell","big":146},{"scroll":"109","active":0,"pc":11,"nickname":"Unknown","fname":"Douglas","isZetaTau":false,"lname":"Garrard","big":20},{"scroll":"332","active":0,"pc":39,"nickname":"Unknown","fname":"Paul","isZetaTau":false,"lname":"Vinges","big":293},{"scroll":"156","active":0,"pc":16,"nickname":"Unknown","fname":"Douglas","isZetaTau":false,"lname":"Schultheis","big":129},{"scroll":"452","active":0,"pc":58,"nickname":"Unknown","fname":"Norman","isZetaTau":false,"lname":"England","big":445},{"scroll":"377","active":0,"pc":45,"nickname":"Unknown","fname":"Mohammed","isZetaTau":false,"lname":"Khadir","big":362},{"scroll":"494","active":0,"pc":66,"nickname":"Mighty Mouse","fname":"Chad","isZetaTau":false,"lname":"Gross","big":492},{"scroll":"508","active":0,"pc":72,"nickname":"Removed","fname":"Removed","isZetaTau":false,"lname":"Removed","big":488},{"scroll":"339","active":0,"pc":40,"nickname":"Unknown","fname":"David","isZetaTau":false,"lname":"Pirrung","big":0},{"scroll":"230","active":0,"pc":26,"nickname":"Unknown","fname":"Steven","isZetaTau":false,"lname":"Cohen","big":222},{"scroll":"552","active":0,"pc":83,"nickname":"Vacuum Fight","fname":"Tony","isZetaTau":false,"lname":"Schepis","big":544},{"scroll":"574","active":0,"pc":87,"nickname":"Bareback","fname":"Evan","isZetaTau":false,"lname":"Wendt","big":558},{"scroll":"609","active":0,"pc":93,"nickname":"Snookie","fname":"Zak","isZetaTau":false,"lname":"Novak","big":590},{"scroll":"393","active":0,"pc":47,"nickname":"Unknown","fname":"Fred","isZetaTau":false,"lname":"Howell","big":357},{"scroll":"16","active":0,"pc":3,"nickname":"Unknown","fname":"Arthur","isZetaTau":true,"lname":"Puskas","big":0},{"scroll":"633","active":0,"pc":95,"nickname":"I Wish I Had A Different Big","fname":"Michael","isZetaTau":false,"lname":"Smith","big":602},{"scroll":"479","active":0,"pc":64,"nickname":"Unknown","fname":"Christopher","isZetaTau":false,"lname":"Mergler","big":459},{"scroll":"327","active":0,"pc":39,"nickname":"Unknown","fname":"Paul","isZetaTau":false,"lname":"Osterhout","big":280},{"scroll":"40","active":0,"pc":2,"nickname":"Unknown","fname":"Robert","isZetaTau":false,"lname":"McCrindle","big":0},{"scroll":"576","active":0,"pc":88,"nickname":"Kayla","fname":"Matthew","isZetaTau":false,"lname":"Bialek","big":568},{"scroll":"533","active":0,"pc":77,"nickname":"Caulkin","fname":"Matthew","isZetaTau":false,"lname":"Merritt","big":523},{"scroll":"669","active":1,"pc":100,"nickname":"Beanie Baby","fname":"Michael","isZetaTau":false,"lname":"Tucker","big":633},{"scroll":"90","active":0,"pc":0,"nickname":"Unknown","fname":"William","isZetaTau":false,"lname":"Kalohn","big":87},{"scroll":"386","active":0,"pc":46,"nickname":"Unknown","fname":"Jesse","isZetaTau":false,"lname":"Lo Re","big":332},{"scroll":"605","active":0,"pc":93,"nickname":"Camel Fucker","fname":"Ahkil","isZetaTau":false,"lname":"Koka","big":566},{"scroll":"2","active":0,"pc":999,"nickname":"Herbie","fname":"Herbert","isZetaTau":true,"lname":"Grabb","big":0},{"scroll":"519","active":0,"pc":75,"nickname":"Flinstone","fname":"Anthony","isZetaTau":false,"lname":"Dennis","big":499},{"scroll":"534","active":0,"pc":77,"nickname":"Mrs Miyagi","fname":"Anthony","isZetaTau":false,"lname":"Ocon","big":499},{"scroll":"439","active":0,"pc":55,"nickname":"Unknown","fname":"Kim","isZetaTau":false,"lname":"Governali","big":416},{"scroll":"577","active":0,"pc":88,"nickname":"Poopdick","fname":"Alex","isZetaTau":false,"lname":"Brown","big":566},{"scroll":"237","active":0,"pc":26,"nickname":"Unknown","fname":"Mark","isZetaTau":false,"lname":"Randall","big":0},{"scroll":"368","active":0,"pc":44,"nickname":"Unknown","fname":"Brad","isZetaTau":false,"lname":"Cooper","big":284},{"scroll":"446","active":0,"pc":55,"nickname":"Unknown","fname":"Ryan","isZetaTau":false,"lname":"Yanavage","big":411},{"scroll":"385","active":0,"pc":46,"nickname":"Unknown","fname":"William","isZetaTau":false,"lname":"Glase","big":354},{"scroll":"430","active":0,"pc":54,"nickname":"Unknown","fname":"Bryan","isZetaTau":false,"lname":"Mahoney","big":337},{"scroll":"330","active":0,"pc":39,"nickname":"Unknown","fname":"Steven","isZetaTau":false,"lname":"Schain","big":307},{"scroll":"293","active":0,"pc":36,"nickname":"Unknown","fname":"Phillip","isZetaTau":false,"lname":"Delmont","big":284},{"scroll":"579","active":0,"pc":88,"nickname":"Alysa Is Fat","fname":"Ryan","isZetaTau":false,"lname":"Nelson","big":547},{"scroll":"583","active":0,"pc":88,"nickname":"Tony Has A Tiny Penis","fname":"Eric","isZetaTau":false,"lname":"Vergo","big":552},{"scroll":"559","active":0,"pc":86,"nickname":"Jr. Bacon Rael Burger (AKA Iron Man)","fname":"Justin","isZetaTau":false,"lname":"Frederick","big":530},{"scroll":"135","active":0,"pc":15,"nickname":"Unknown","fname":"Edward","isZetaTau":false,"lname":"Watters","big":102},{"scroll":"104","active":0,"pc":10,"nickname":"Buzz","fname":"Donald","isZetaTau":false,"lname":"Dillie","big":86},{"scroll":"13","active":0,"pc":1,"nickname":"Unknown","fname":"Stephen","isZetaTau":true,"lname":"Miller","big":0},{"scroll":"121","active":0,"pc":12,"nickname":"Unknown","fname":"George","isZetaTau":false,"lname":"Seary","big":85},{"scroll":"341","active":0,"pc":40,"nickname":"Unknown","fname":"David","isZetaTau":false,"lname":"Richard","big":330},{"scroll":"349","active":0,"pc":41,"nickname":"Unknown","fname":"Phu","isZetaTau":false,"lname":"Tran","big":273},{"scroll":"648","active":0,"pc":99,"nickname":"Breakfast Club","fname":"Harold","isZetaTau":false,"lname":"Eifler","big":633},{"scroll":"379","active":0,"pc":45,"nickname":"Unknown","fname":"K. Michael","isZetaTau":false,"lname":"O'Rielly","big":316},{"scroll":"353","active":0,"pc":42,"nickname":"Unknown","fname":"Michael","isZetaTau":false,"lname":"Colvin","big":338},{"scroll":"537","active":0,"pc":78,"nickname":"Blinky","fname":"Cody","isZetaTau":false,"lname":"Rorick","big":510},{"scroll":"649","active":1,"pc":99,"nickname":"Inside Voice","fname":"Cesar","isZetaTau":false,"lname":"Borges","big":617},{"scroll":"371","active":0,"pc":45,"nickname":"Unknown","fname":"Brett","isZetaTau":false,"lname":"Baumeister","big":0},{"scroll":"198","active":0,"pc":22,"nickname":"Unknown","fname":"George","isZetaTau":false,"lname":"Crimmins","big":187},{"scroll":"395","active":0,"pc":47,"nickname":"Unknown","fname":"Michael","isZetaTau":false,"lname":"Ranieri","big":380},{"scroll":"543","active":0,"pc":0,"nickname":"Removed","fname":"Removed","isZetaTau":false,"lname":"Removed","big":0},{"scroll":"54","active":0,"pc":0,"nickname":"Unknown","fname":"Adonis","isZetaTau":false,"lname":"Burris","big":7},{"scroll":"316","active":0,"pc":39,"nickname":"Unknown","fname":"Martin","isZetaTau":false,"lname":"Daly","big":267},{"scroll":"618","active":0,"pc":94,"nickname":"Daniel-San","fname":"Marshall","isZetaTau":false,"lname":"Hallenbeck","big":612},{"scroll":"647","active":0,"pc":99,"nickname":"The Other White Meat","fname":"Devon","isZetaTau":false,"lname":"Aronson","big":615},{"scroll":"484","active":0,"pc":0,"nickname":"Unknown","fname":"Jared","isZetaTau":false,"lname":"Slomack","big":467},{"scroll":"297","active":0,"pc":36,"nickname":"Unknown","fname":"Geoffrey","isZetaTau":false,"lname":"Lewis","big":270},{"scroll":"523","active":0,"pc":75,"nickname":"K-Y-Gb","fname":"Edward","isZetaTau":false,"lname":"Murrow","big":513},{"scroll":"309","active":0,"pc":38,"nickname":"Unknown","fname":"Kevin","isZetaTau":false,"lname":"Burd","big":307},{"scroll":"189","active":0,"pc":21,"nickname":"Unknown","fname":"Douglas","isZetaTau":false,"lname":"Corrigan","big":182},{"scroll":"256","active":0,"pc":31,"nickname":"Unknown","fname":"James","isZetaTau":false,"lname":"Carusone","big":0},{"scroll":"626","active":0,"pc":95,"nickname":"Czupryna The Teenage Bitch","fname":"Michael","isZetaTau":false,"lname":"Czupryna","big":623},{"scroll":"570","active":0,"pc":87,"nickname":"Removed","fname":"Removed","isZetaTau":false,"lname":"Removed","big":549},{"scroll":"269","active":0,"pc":33,"nickname":"Unknown","fname":"Darryl","isZetaTau":false,"lname":"DeWolff","big":0},{"scroll":"407","active":0,"pc":50,"nickname":"Unknown","fname":"Brian","isZetaTau":false,"lname":"Daley","big":362},{"scroll":"417","active":0,"pc":51,"nickname":"Unknown","fname":"Erik","isZetaTau":false,"lname":"Jensen","big":366},{"scroll":"412","active":0,"pc":50,"nickname":"Unknown","fname":"Keith","isZetaTau":false,"lname":"Scott","big":394},{"scroll":"79","active":0,"pc":7,"nickname":"Unknown","fname":"Everett","isZetaTau":false,"lname":"Spencer","big":9},{"scroll":"589","active":0,"pc":90,"nickname":"Edward Penis Hands","fname":"Tristen","isZetaTau":false,"lname":"Payne","big":571},{"scroll":"352","active":0,"pc":42,"nickname":"Unknown","fname":"David","isZetaTau":false,"lname":"Benz","big":293},{"scroll":"671","active":1,"pc":101,"nickname":"Tae Kwon Bro","fname":"Austin","isZetaTau":false,"lname":"Balek","big":664},{"scroll":"249","active":0,"pc":29,"nickname":"Unknown","fname":"David","isZetaTau":false,"lname":"Wolf","big":191},{"scroll":"473","active":0,"pc":64,"nickname":"Alfalfa","fname":"Nick","isZetaTau":false,"lname":"Anderson","big":472},{"scroll":"273","active":0,"pc":33,"nickname":"Unknown","fname":"Paul","isZetaTau":false,"lname":"Luczak","big":232},{"scroll":"372","active":0,"pc":45,"nickname":"Unknown","fname":"Eric","isZetaTau":false,"lname":"Cleary","big":354},{"scroll":"399","active":0,"pc":47,"nickname":"Unknown","fname":"Brian","isZetaTau":false,"lname":"Walsh","big":369},{"scroll":"659","active":1,"pc":100,"nickname":"Kind Of A Cock","fname":"Michael","isZetaTau":false,"lname":"Halligan","big":633},{"scroll":"8","active":0,"pc":0,"nickname":"Unknown","fname":"Robert","isZetaTau":false,"lname":"Dunne","big":0},{"scroll":"240","active":0,"pc":27,"nickname":"Unknown","fname":"John","isZetaTau":false,"lname":"Muthig","big":0},{"scroll":"454","active":0,"pc":58,"nickname":"Unknown","fname":"Michael","isZetaTau":false,"lname":"Gelb","big":312},{"scroll":"496","active":0,"pc":67,"nickname":"Unknown","fname":"Adam","isZetaTau":false,"lname":"Benjamin","big":493},{"scroll":"303","active":0,"pc":36,"nickname":"Unknown","fname":"Steve","isZetaTau":false,"lname":"Picard","big":0},{"scroll":"66","active":0,"pc":5,"nickname":"Unknown","fname":"Daniel","isZetaTau":false,"lname":"Carmin","big":35},{"scroll":"268","active":0,"pc":33,"nickname":"Unknown","fname":"Scott","isZetaTau":false,"lname":"Dahl","big":264},{"scroll":"170","active":0,"pc":18,"nickname":"Unknown","fname":"Howard","isZetaTau":false,"lname":"Kurdin","big":154},{"scroll":"394","active":0,"pc":47,"nickname":"Unknown","fname":"Edmund","isZetaTau":false,"lname":"Parrott","big":356},{"scroll":"509","active":0,"pc":73,"nickname":"Unknown","fname":"Justin","isZetaTau":false,"lname":"Brower","big":489},{"scroll":"108","active":0,"pc":11,"nickname":"Unknown","fname":"Richard","isZetaTau":false,"lname":"Flora","big":83},{"scroll":"301","active":0,"pc":36,"nickname":"Unknown","fname":"Michael","isZetaTau":false,"lname":"Meehan","big":0},{"scroll":"437","active":0,"pc":55,"nickname":"Unknown","fname":"Derek","isZetaTau":false,"lname":"Evoy","big":360},{"scroll":"323","active":0,"pc":39,"nickname":"Unknown","fname":"Christopher","isZetaTau":false,"lname":"Landauer","big":311},{"scroll":"194","active":0,"pc":21,"nickname":"Unknown","fname":"Bradley","isZetaTau":false,"lname":"Moore","big":140},{"scroll":"628","active":1,"pc":95,"nickname":"Dildo Faggins","fname":"Samuel","isZetaTau":false,"lname":"Friedman","big":616},{"scroll":"115","active":0,"pc":11,"nickname":"Unknown","fname":"Michael","isZetaTau":false,"lname":"Sadowski","big":102},{"scroll":"342","active":0,"pc":40,"nickname":"Unknown","fname":"Jon","isZetaTau":false,"lname":"Schloesser","big":0},{"scroll":"258","active":0,"pc":31,"nickname":"Unknown","fname":"Steve","isZetaTau":false,"lname":"Misturini","big":0},{"scroll":"422","active":0,"pc":53,"nickname":"Unknown","fname":"Jeffrey","isZetaTau":false,"lname":"Baran","big":283},{"scroll":"640","active":0,"pc":97,"nickname":"Raid The Fridge","fname":"Cory","isZetaTau":false,"lname":"Mahony","big":636},{"scroll":"503","active":0,"pc":69,"nickname":"Elmo","fname":"Jacob","isZetaTau":false,"lname":"Mathew","big":473},{"scroll":"311","active":0,"pc":38,"nickname":"Unknown","fname":"James","isZetaTau":false,"lname":"Taylor","big":0},{"scroll":"131","active":0,"pc":14,"nickname":"Unknown","fname":"Christopher","isZetaTau":false,"lname":"Tobin","big":108},{"scroll":"419","active":0,"pc":51,"nickname":"Unknown","fname":"Keith","isZetaTau":false,"lname":"McGill","big":359},{"scroll":"48","active":0,"pc":1,"nickname":"Unknown","fname":"James","isZetaTau":true,"lname":"Behrens","big":7},{"scroll":"142","active":0,"pc":16,"nickname":"Unknown","fname":"Marc","isZetaTau":false,"lname":"Goodman","big":130},{"scroll":"9","active":0,"pc":3,"nickname":"Unknown","fname":"Guy","isZetaTau":true,"lname":"Guissanie","big":2},{"scroll":"632","active":0,"pc":95,"nickname":"I Wish I Fucked The Ogre","fname":"Ryan","isZetaTau":false,"lname":"Rosen","big":614},{"scroll":"118","active":0,"pc":12,"nickname":"Unknown","fname":"Brian","isZetaTau":false,"lname":"Buckenmeyer","big":100},{"scroll":"59","active":0,"pc":0,"nickname":"Unknown","fname":"Robert","isZetaTau":false,"lname":"Hathorn","big":0},{"scroll":"261","active":0,"pc":32,"nickname":"Unknown","fname":"Corey","isZetaTau":false,"lname":"Blackwell","big":214},{"scroll":"222","active":0,"pc":25,"nickname":"Unknown","fname":"Marc","isZetaTau":false,"lname":"Bryan-Brown","big":216},{"scroll":"264","active":0,"pc":32,"nickname":"Unknown","fname":"H. Taylor","isZetaTau":false,"lname":"Zimmer","big":229},{"scroll":"106","active":0,"pc":11,"nickname":"Unknown","fname":"Douglas","isZetaTau":false,"lname":"Cartwright","big":94},{"scroll":"599","active":0,"pc":93,"nickname":"Allie Is Fat","fname":"Robert","isZetaTau":false,"lname":"Dyason","big":579},{"scroll":"169","active":0,"pc":18,"nickname":"Unknown","fname":"Joel","isZetaTau":false,"lname":"Kramer","big":140},{"scroll":"110","active":0,"pc":11,"nickname":"Unknown","fname":"Mark","isZetaTau":false,"lname":"Griswold","big":72},{"scroll":"1","active":0,"pc":999,"nickname":"Unknown","fname":"Bartle","isZetaTau":true,"lname":"Taylor","big":0},{"scroll":"202","active":0,"pc":22,"nickname":"Unknown","fname":"Barry","isZetaTau":false,"lname":"Wilde","big":169},{"scroll":"262","active":0,"pc":32,"nickname":"Unknown","fname":"Norman","isZetaTau":false,"lname":"Delph","big":254},{"scroll":"390","active":0,"pc":46,"nickname":"Unknown","fname":"Robert","isZetaTau":false,"lname":"Weinman","big":0},{"scroll":"286","active":0,"pc":34,"nickname":"Unknown","fname":"Thomas","isZetaTau":false,"lname":"Willson","big":263},{"scroll":"610","active":0,"pc":93,"nickname":"Bloodnut The Flatulent","fname":"Joseph","isZetaTau":false,"lname":"Nuttle","big":558},{"scroll":"557","active":0,"pc":85,"nickname":"Bukaki","fname":"Nick","isZetaTau":false,"lname":"Giudice","big":552},{"scroll":"136","active":0,"pc":15,"nickname":"Unknown","fname":"Timothy","isZetaTau":false,"lname":"Waters","big":75},{"scroll":"116","active":0,"pc":11,"nickname":"Kojack","fname":"Leo","isZetaTau":false,"lname":"Tydings","big":11},{"scroll":"326","active":0,"pc":39,"nickname":"Unknown","fname":"Edward","isZetaTau":false,"lname":"Morgan","big":309},{"scroll":"315","active":0,"pc":39,"nickname":"Unknown","fname":"Douglas","isZetaTau":false,"lname":"Braunstein","big":0},{"scroll":"580","active":0,"pc":88,"nickname":"Admiral Akbar","fname":"Brian","isZetaTau":false,"lname":"Schnitzer","big":568},{"scroll":"421","active":0,"pc":52,"nickname":"Unknown","fname":"Robert","isZetaTau":false,"lname":"Burmaster","big":280},{"scroll":"499","active":0,"pc":68,"nickname":"Plain Jane","fname":"David","isZetaTau":false,"lname":"Falletta","big":463},{"scroll":"31","active":0,"pc":2,"nickname":"Unknown","fname":"John","isZetaTau":false,"lname":"Potts","big":0},{"scroll":"266","active":0,"pc":33,"nickname":"Unknown","fname":"Richard","isZetaTau":false,"lname":"Bonaker","big":220},{"scroll":"613","active":0,"pc":93,"nickname":"Nelson's Pink Sock","fname":"Jack","isZetaTau":false,"lname":"Wellington","big":579},{"scroll":"638","active":1,"pc":97,"nickname":"Sugar Cub","fname":"Kevin","isZetaTau":false,"lname":"Frederickson","big":634},{"scroll":"380","active":0,"pc":45,"nickname":"Unknown","fname":"Kevin","isZetaTau":false,"lname":"O'Shea","big":348},{"scroll":"666","active":1,"pc":100,"nickname":"Ketchup Sandwich","fname":"Faizan","isZetaTau":false,"lname":"Naveed","big":645},{"scroll":"631","active":0,"pc":95,"nickname":"What Does A Gay Horse Eat? Neyyy!","fname":"Evan","isZetaTau":false,"lname":"Ney","big":604},{"scroll":"180","active":0,"pc":19,"nickname":"Unknown","fname":"Christopher","isZetaTau":false,"lname":"Hermanson","big":174},{"scroll":"531","active":0,"pc":77,"nickname":"Layaway","fname":"William","isZetaTau":false,"lname":"Jevitts","big":527},{"scroll":"133","active":0,"pc":15,"nickname":"Unknown","fname":"Daniel","isZetaTau":false,"lname":"Cabour","big":119},{"scroll":"427","active":0,"pc":54,"nickname":"Unknown","fname":"Derek","isZetaTau":false,"lname":"Gigliotti","big":280},{"scroll":"80","active":0,"pc":7,"nickname":"Unknown","fname":"Jaime","isZetaTau":false,"lname":"Jackerson","big":31},{"scroll":"676","active":0,"pc":0,"nickname":"Bobblehead","fname":"Reginald","isZetaTau":false,"lname":"Rogers","big":604},{"scroll":"527","active":0,"pc":76,"nickname":"Scrotum Hair","fname":"Jeremy","isZetaTau":false,"lname":"Wilson","big":513},{"scroll":"241","active":0,"pc":27,"nickname":"Unknown","fname":"Walter","isZetaTau":false,"lname":"Rapetski","big":236},{"scroll":"6","active":0,"pc":3,"nickname":"Unknown","fname":"Douglas","isZetaTau":true,"lname":"Miller","big":58},{"scroll":"482","active":0,"pc":64,"nickname":"Unknown","fname":"Scott","isZetaTau":false,"lname":"Teger","big":465},{"scroll":"481","active":0,"pc":64,"nickname":"Unknown","fname":"Jared","isZetaTau":false,"lname":"Slomack","big":0},{"scroll":"187","active":0,"pc":21,"nickname":"Unknown","fname":"Robert","isZetaTau":false,"lname":"Bucher","big":174},{"scroll":"450","active":0,"pc":57,"nickname":"Brillo","fname":"Frank","isZetaTau":false,"lname":"Lopez","big":442},{"scroll":"155","active":0,"pc":16,"nickname":"Unknown","fname":"Terry","isZetaTau":false,"lname":"Sabransky","big":94},{"scroll":"206","active":0,"pc":24,"nickname":"Unknown","fname":"Paul","isZetaTau":false,"lname":"Barbey","big":195},{"scroll":"442","active":0,"pc":55,"nickname":"Unknown","fname":"Eric","isZetaTau":false,"lname":"Johnson","big":423},{"scroll":"455","active":0,"pc":58,"nickname":"Unknown","fname":"Bryan","isZetaTau":false,"lname":"Miller","big":444},{"scroll":"62","active":0,"pc":4,"nickname":"Unknown","fname":"Harold","isZetaTau":false,"lname":"Schmidt","big":5},{"scroll":"151","active":0,"pc":16,"nickname":"Unknown","fname":"Richard","isZetaTau":false,"lname":"Olm","big":125},{"scroll":"274","active":0,"pc":33,"nickname":"Unknown","fname":"Charles","isZetaTau":false,"lname":"Rakstis","big":236},{"scroll":"510","active":0,"pc":73,"nickname":"Cabana Boy","fname":"Andrew","isZetaTau":false,"lname":"Hesky","big":506},{"scroll":"105","active":0,"pc":11,"nickname":"Unknown","fname":"Mark","isZetaTau":false,"lname":"Bosworth","big":77},{"scroll":"271","active":0,"pc":33,"nickname":"Unknown","fname":"Michael","isZetaTau":false,"lname":"Kerwin","big":0},{"scroll":"644","active":1,"pc":97,"nickname":"Chris","fname":"Conner","isZetaTau":false,"lname":"Westover","big":591},{"scroll":"87","active":0,"pc":7,"nickname":"Unknown","fname":"Cornell","isZetaTau":false,"lname":"Eckhardt","big":23},{"scroll":"445","active":0,"pc":55,"nickname":"Unknown","fname":"Anthony","isZetaTau":false,"lname":"Vigliotti","big":408},{"scroll":"75","active":0,"pc":6,"nickname":"Unknown","fname":"Patrick","isZetaTau":false,"lname":"Roche","big":36},{"scroll":"76","active":0,"pc":6,"nickname":"Unknown","fname":"Thomas","isZetaTau":false,"lname":"Schultz","big":37},{"scroll":"97","active":0,"pc":0,"nickname":"Unknown","fname":"David","isZetaTau":false,"lname":"Sheble","big":75},{"scroll":"645","active":1,"pc":98,"nickname":"Oedipuss","fname":"Andrew","isZetaTau":false,"lname":"Cerkanowicz","big":635},{"scroll":"639","active":0,"pc":97,"nickname":"Mr. Blackout","fname":"Rythm","isZetaTau":false,"lname":"Gade","big":635},{"scroll":"84","active":0,"pc":7,"nickname":"Unknown","fname":"Vincent","isZetaTau":false,"lname":"Marini","big":70},{"scroll":"60","active":0,"pc":1,"nickname":"Unknown","fname":"Michael","isZetaTau":true,"lname":"Favoretto","big":0},{"scroll":"502","active":0,"pc":69,"nickname":"Unknown","fname":"Jeffrey","isZetaTau":false,"lname":"Filipovitz","big":489},{"scroll":"320","active":0,"pc":39,"nickname":"Unknown","fname":"Joseph","isZetaTau":false,"lname":"Green","big":271},{"scroll":"143","active":0,"pc":16,"nickname":"Unknown","fname":"Joseph","isZetaTau":false,"lname":"Guttman","big":0},{"scroll":"117","active":0,"pc":12,"nickname":"Unknown","fname":"Michael","isZetaTau":false,"lname":"Bauman","big":53},{"scroll":"144","active":0,"pc":16,"nickname":"Unknown","fname":"Jeffrey","isZetaTau":false,"lname":"Heck","big":85},{"scroll":"657","active":1,"pc":100,"nickname":"One Step Downs","fname":"Adam","isZetaTau":false,"lname":"Duvin","big":638},{"scroll":"148","active":0,"pc":16,"nickname":"Unknown","fname":"Thomas","isZetaTau":false,"lname":"Leahy","big":137},{"scroll":"61","active":0,"pc":1,"nickname":"Unknown","fname":"Russell","isZetaTau":true,"lname":"Martens","big":0},{"scroll":"449","active":0,"pc":56,"nickname":"Unknown","fname":"Peter","isZetaTau":false,"lname":"Arnold","big":426},{"scroll":"401","active":0,"pc":48,"nickname":"Unknown","fname":"Dino","isZetaTau":false,"lname":"Pineda","big":374},{"scroll":"253","active":0,"pc":30,"nickname":"Unknown","fname":"Michael","isZetaTau":false,"lname":"Hughes","big":208},{"scroll":"38","active":0,"pc":2,"nickname":"Unknown","fname":"Christopher","isZetaTau":false,"lname":"Brandin","big":5},{"scroll":"254","active":0,"pc":30,"nickname":"Unknown","fname":"Mark","isZetaTau":false,"lname":"Richards","big":227},{"scroll":"460","active":0,"pc":59,"nickname":"Unknown","fname":"Christopher","isZetaTau":false,"lname":"Scott","big":423},{"scroll":"28","active":0,"pc":3,"nickname":"Unknown","fname":"James","isZetaTau":true,"lname":"Freitag","big":0},{"scroll":"255","active":0,"pc":30,"nickname":"Unknown","fname":"Richard","isZetaTau":false,"lname":"Wager","big":220},{"scroll":"573","active":0,"pc":87,"nickname":"Pumba's Timone","fname":"Phillip","isZetaTau":false,"lname":"Tatti","big":535},{"scroll":"359","active":0,"pc":42,"nickname":"Unknown","fname":"Duane","isZetaTau":false,"lname":"Nelson","big":281},{"scroll":"584","active":0,"pc":88,"nickname":"Mathias Is A Homo","fname":"Nicholas","isZetaTau":false,"lname":"Winikus","big":567},{"scroll":"470","active":0,"pc":62,"nickname":"Unknown","fname":"Chad","isZetaTau":false,"lname":"Willard","big":280},{"scroll":"89","active":0,"pc":7,"nickname":"Unknown","fname":"Jesse","isZetaTau":false,"lname":"Pearson","big":78},{"scroll":"397","active":0,"pc":47,"nickname":"Unknown","fname":"Remo","isZetaTau":false,"lname":"Strada","big":370},{"scroll":"114","active":0,"pc":11,"nickname":"Unknown","fname":"Steven","isZetaTau":false,"lname":"Oshry","big":101},{"scroll":"281","active":0,"pc":34,"nickname":"Unknown","fname":"Alan","isZetaTau":false,"lname":"Byrne","big":217},{"scroll":"594","active":0,"pc":92,"nickname":"Justin Beejer","fname":"Connor","isZetaTau":false,"lname":"Delaney","big":583},{"scroll":"94","active":0,"pc":8,"nickname":"Unknown","fname":"Dean","isZetaTau":false,"lname":"Reinmund","big":32},{"scroll":"652","active":0,"pc":100,"nickname":"Jordan Has A Lifting Fetish","fname":"Scott","isZetaTau":false,"lname":"Adelman","big":642},{"scroll":"272","active":0,"pc":33,"nickname":"Unknown","fname":"Christopher","isZetaTau":false,"lname":"Kycia","big":208},{"scroll":"602","active":0,"pc":93,"nickname":"Squish Mittens","fname":"Carter","isZetaTau":false,"lname":"Helch","big":596},{"scroll":"98","active":0,"pc":1,"nickname":"Unknown","fname":"John","isZetaTau":true,"lname":"Rawlins","big":0},{"scroll":"299","active":0,"pc":36,"nickname":"Unknown","fname":"Alan","isZetaTau":false,"lname":"McConnell","big":278},{"scroll":"192","active":0,"pc":21,"nickname":"Unknown","fname":"Drew","isZetaTau":false,"lname":"Kuimjian","big":165},{"scroll":"53","active":0,"pc":0,"nickname":"Unknown","fname":"Stephen","isZetaTau":false,"lname":"Murdock","big":34},{"scroll":"670","active":0,"pc":100,"nickname":"Brip Brap Blender Beer","fname":"Andrew","isZetaTau":false,"lname":"Wise","big":617},{"scroll":"553","active":0,"pc":83,"nickname":"Rank Ass Twat","fname":"Christopher","isZetaTau":false,"lname":"Tydings","big":545},{"scroll":"432","active":0,"pc":54,"nickname":"Unknown","fname":"Rami","isZetaTau":false,"lname":"Qumsieh","big":374},{"scroll":"331","active":0,"pc":39,"nickname":"Unknown","fname":"Mark","isZetaTau":false,"lname":"Smoll","big":280},{"scroll":"217","active":0,"pc":24,"nickname":"Unknown","fname":"David","isZetaTau":false,"lname":"Ross","big":163},{"scroll":"567","active":0,"pc":87,"nickname":"Bitch Slap","fname":"Matthew","isZetaTau":false,"lname":"Keough","big":539},{"scroll":"515","active":0,"pc":74,"nickname":"Unknown","fname":"Daniel","isZetaTau":false,"lname":"O'Hanlon","big":513},{"scroll":"426","active":0,"pc":54,"nickname":"Unknown","fname":"John","isZetaTau":false,"lname":"Berkey","big":417},{"scroll":"569","active":0,"pc":87,"nickname":"Captain Kirk","fname":"Dustin","isZetaTau":false,"lname":"McKibben","big":557},{"scroll":"289","active":0,"pc":35,"nickname":"Unknown","fname":"Scott","isZetaTau":false,"lname":"Ingwers","big":232},{"scroll":"656","active":1,"pc":100,"nickname":"I Wish I Had A Better Hegemon","fname":"Damien","isZetaTau":false,"lname":"Dobson","big":645},{"scroll":"329","active":0,"pc":39,"nickname":"Unknown","fname":"Christopher","isZetaTau":false,"lname":"Saraceni","big":297},{"scroll":"461","active":0,"pc":59,"nickname":"Unknown","fname":"Michael","isZetaTau":false,"lname":"Vallhiano","big":0},{"scroll":"306","active":0,"pc":36,"nickname":"Unknown","fname":"Jack","isZetaTau":false,"lname":"Zolty","big":260},{"scroll":"593","active":0,"pc":91,"nickname":"Removed","fname":"Removed","isZetaTau":false,"lname":"Removed","big":590},{"scroll":"232","active":0,"pc":26,"nickname":"Unknown","fname":"Bret","isZetaTau":false,"lname":"Dethlefsen","big":182},{"scroll":"448","active":0,"pc":56,"nickname":"Unknown","fname":"Roger","isZetaTau":false,"lname":"Chiu","big":434},{"scroll":"130","active":0,"pc":14,"nickname":"Unknown","fname":"Mark","isZetaTau":false,"lname":"Sundberg","big":100},{"scroll":"366","active":0,"pc":43,"nickname":"Unknown","fname":"Zebulon","isZetaTau":false,"lname":"Robbins","big":313},{"scroll":"551","active":0,"pc":83,"nickname":"Webelos","fname":"Ryan","isZetaTau":false,"lname":"Bucinell","big":537},{"scroll":"283","active":0,"pc":34,"nickname":"Unknown","fname":"Darren","isZetaTau":false,"lname":"Simon","big":0},{"scroll":"500","active":0,"pc":68,"nickname":"Unknown","fname":"Dylan","isZetaTau":false,"lname":"Uprichard","big":480},{"scroll":"324","active":0,"pc":39,"nickname":"Unknown","fname":"Craig","isZetaTau":false,"lname":"Marcus","big":0},{"scroll":"438","active":0,"pc":55,"nickname":"Unknown","fname":"Joel","isZetaTau":false,"lname":"Faaborg","big":406},{"scroll":"208","active":0,"pc":24,"nickname":"Unknown","fname":"Peter","isZetaTau":false,"lname":"Keehnle","big":188},{"scroll":"334","active":0,"pc":40,"nickname":"Unknown","fname":"Thomas","isZetaTau":false,"lname":"Krug","big":322},{"scroll":"630","active":0,"pc":95,"nickname":"The Thumb","fname":"Brian","isZetaTau":false,"lname":"Meyers","big":587},{"scroll":"478","active":0,"pc":64,"nickname":"Unknown","fname":"Jonathan","isZetaTau":false,"lname":"Major","big":472},{"scroll":"578","active":0,"pc":88,"nickname":"Slurp N' Gulp","fname":"Madhur","isZetaTau":false,"lname":"Jain","big":542},{"scroll":"82","active":0,"pc":7,"nickname":"Unknown","fname":"George","isZetaTau":false,"lname":"Conlan","big":72},{"scroll":"137","active":0,"pc":15,"nickname":"Unknown","fname":"Stuart","isZetaTau":false,"lname":"Holcombe","big":0},{"scroll":"113","active":0,"pc":11,"nickname":"Unknown","fname":"Boniface","isZetaTau":false,"lname":"Mikulka","big":69},{"scroll":"600","active":0,"pc":93,"nickname":"Dick Finder","fname":"David","isZetaTau":false,"lname":"Haller","big":596},{"scroll":"30","active":0,"pc":2,"nickname":"Unknown","fname":"Ronald","isZetaTau":false,"lname":"Evangelista","big":1},{"scroll":"35","active":0,"pc":2,"nickname":"Unknown","fname":"John","isZetaTau":false,"lname":"McManus","big":49},{"scroll":"277","active":0,"pc":33,"nickname":"Unknown","fname":"Christopher","isZetaTau":false,"lname":"Stevens","big":217},{"scroll":"52","active":0,"pc":1,"nickname":"Unknown","fname":"John","isZetaTau":true,"lname":"Boyle","big":0},{"scroll":"247","active":0,"pc":29,"nickname":"Unknown","fname":"Jeffrey","isZetaTau":false,"lname":"Harrow","big":0},{"scroll":"614","active":0,"pc":93,"nickname":"Karki Is A Hunchback","fname":"Noah","isZetaTau":false,"lname":"Wexler","big":578},{"scroll":"24","active":0,"pc":2,"nickname":"Unknown","fname":"Homer","isZetaTau":true,"lname":"Martin","big":0},{"scroll":"212","active":0,"pc":24,"nickname":"Unknown","fname":"Alan","isZetaTau":false,"lname":"Milot","big":205},{"scroll":"403","active":0,"pc":48,"nickname":"Unknown","fname":"Ronald","isZetaTau":false,"lname":"Van Nest","big":390},{"scroll":"246","active":0,"pc":29,"nickname":"Unknown","fname":"Christopher","isZetaTau":false,"lname":"Cegelski","big":242},{"scroll":"295","active":0,"pc":36,"nickname":"Unknown","fname":"Robert","isZetaTau":false,"lname":"Lawler","big":0},{"scroll":"296","active":0,"pc":36,"nickname":"Unknown","fname":"Richard","isZetaTau":false,"lname":"Leach","big":0},{"scroll":"489","active":0,"pc":0,"nickname":"Unknown","fname":"Adam","isZetaTau":false,"lname":"Benjamin","big":0},{"scroll":"612","active":0,"pc":93,"nickname":"Bing Bong Ching Chong","fname":"Jonathan","isZetaTau":false,"lname":"Phan","big":563},{"scroll":"338","active":0,"pc":40,"nickname":"Unknown","fname":"David","isZetaTau":false,"lname":"Oakman","big":314},{"scroll":"651","active":0,"pc":100,"nickname":"Acuna Matata","fname":"Jacob","isZetaTau":false,"lname":"Acuna","big":631},{"scroll":"145","active":0,"pc":16,"nickname":"Rike","fname":"L. Michael","isZetaTau":false,"lname":"Reichel","big":135},{"scroll":"107","active":0,"pc":11,"nickname":"Unknown","fname":"Theodore","isZetaTau":false,"lname":"Cataldi","big":70},{"scroll":"265","active":0,"pc":33,"nickname":"Unknown","fname":"Bill","isZetaTau":false,"lname":"Amstutz","big":255},{"scroll":"146","active":0,"pc":16,"nickname":"Unknown","fname":"William","isZetaTau":false,"lname":"Keegan","big":131},{"scroll":"179","active":0,"pc":19,"nickname":"Unknown","fname":"Martin","isZetaTau":false,"lname":"Gira","big":170},{"scroll":"171","active":0,"pc":18,"nickname":"Unknown","fname":"Patrick","isZetaTau":false,"lname":"Landers","big":120},{"scroll":"458","active":0,"pc":59,"nickname":"Unknown","fname":"Michael","isZetaTau":false,"lname":"Herbert","big":439},{"scroll":"383","active":0,"pc":46,"nickname":"Unknown","fname":"Eric","isZetaTau":false,"lname":"Dees","big":369},{"scroll":"360","active":0,"pc":42,"nickname":"Unknown","fname":"James","isZetaTau":false,"lname":"Osterhout","big":294},{"scroll":"524","active":0,"pc":75,"nickname":"Unknown","fname":"Daniel","isZetaTau":false,"lname":"O'Brien","big":0},{"scroll":"615","active":0,"pc":93,"nickname":"Gersky Loves Turkey","fname":"Derin","isZetaTau":false,"lname":"Yarsuvat","big":578},{"scroll":"643","active":1,"pc":97,"nickname":"Comrade Question","fname":"Yaroslav","isZetaTau":false,"lname":"Tochinski","big":633},{"scroll":"392","active":0,"pc":47,"nickname":"Unknown","fname":"Marc","isZetaTau":false,"lname":"Hobler","big":345},{"scroll":"201","active":0,"pc":22,"nickname":"Unknown","fname":"Terry","isZetaTau":false,"lname":"Pow","big":183},{"scroll":"568","active":0,"pc":87,"nickname":"Pumba","fname":"Lucas","isZetaTau":false,"lname":"Marion","big":556},{"scroll":"77","active":0,"pc":6,"nickname":"Unknown","fname":"Jon","isZetaTau":false,"lname":"Stevens","big":25},{"scroll":"619","active":0,"pc":94,"nickname":"Guacamole","fname":"Michael","isZetaTau":false,"lname":"Kormos","big":609},{"scroll":"250","active":0,"pc":30,"nickname":"Unknown","fname":"Robert","isZetaTau":false,"lname":"Cohen","big":0},{"scroll":"91","active":0,"pc":0,"nickname":"Unknown","fname":"Paul","isZetaTau":false,"lname":"Hubel","big":62},{"scroll":"653","active":1,"pc":100,"nickname":"Stewie","fname":"Brian","isZetaTau":false,"lname":"Bogan","big":644},{"scroll":"252","active":0,"pc":30,"nickname":"Unknown","fname":"Charles","isZetaTau":false,"lname":"Hawkins","big":0},{"scroll":"305","active":0,"pc":36,"nickname":"Unknown","fname":"John","isZetaTau":false,"lname":"Tworsky","big":0},{"scroll":"81","active":0,"pc":7,"nickname":"Unknown","fname":"Thomas","isZetaTau":false,"lname":"Lang","big":5},{"scroll":"457","active":0,"pc":59,"nickname":"Unknown","fname":"Joseph","isZetaTau":false,"lname":"Caruso","big":417},{"scroll":"88","active":0,"pc":7,"nickname":"Unknown","fname":"Bruce","isZetaTau":false,"lname":"Campagna","big":64},{"scroll":"173","active":0,"pc":18,"nickname":"Unknown","fname":"Frederick","isZetaTau":false,"lname":"Pow","big":109},{"scroll":"441","active":0,"pc":55,"nickname":"Unknown","fname":"Doug","isZetaTau":false,"lname":"Howarth","big":428},{"scroll":"140","active":0,"pc":16,"nickname":"Unknown","fname":"Philip","isZetaTau":false,"lname":"DiOrio","big":101},{"scroll":"629","active":1,"pc":95,"nickname":"Ogre Fucker","fname":"Justin","isZetaTau":false,"lname":"Gerard","big":600},{"scroll":"234","active":0,"pc":26,"nickname":"Unknown","fname":"Jeffrey","isZetaTau":false,"lname":"Hourihan","big":0},{"scroll":"27","active":0,"pc":4,"nickname":"Unknown","fname":"Sam","isZetaTau":true,"lname":"Strahan","big":0},{"scroll":"507","active":0,"pc":71,"nickname":"Welfare","fname":"David","isZetaTau":false,"lname":"Bevivino","big":499},{"scroll":"96","active":0,"pc":0,"nickname":"Unknown","fname":"Nicholas","isZetaTau":false,"lname":"Frandino","big":30},{"scroll":"622","active":0,"pc":94,"nickname":"Wiff","fname":"Joseph","isZetaTau":false,"lname":"Perreaux","big":602},{"scroll":"224","active":0,"pc":25,"nickname":"Unknown","fname":"William","isZetaTau":false,"lname":"Grieco","big":199},{"scroll":"471","active":0,"pc":62,"nickname":"Unknown","fname":"Richard","isZetaTau":false,"lname":"Wood","big":459},{"scroll":"132","active":0,"pc":14,"nickname":"Unknown","fname":"Howard","isZetaTau":false,"lname":"Wallach","big":120},{"scroll":"634","active":0,"pc":95,"nickname":"Taste The Rainbow","fname":"David","isZetaTau":false,"lname":"Sugarman","big":612},{"scroll":"650","active":0,"pc":99,"nickname":"Jank 2: High Voltage","fname":"Thomas","isZetaTau":false,"lname":"Maddox","big":645},{"scroll":"152","active":0,"pc":16,"nickname":"Unknown","fname":"Joseph","isZetaTau":false,"lname":"Randazzo","big":77},{"scroll":"126","active":0,"pc":14,"nickname":"Unknown","fname":"Mark","isZetaTau":false,"lname":"Muthig","big":117},{"scroll":"418","active":0,"pc":51,"nickname":"Unknown","fname":"Dino","isZetaTau":false,"lname":"Mariano","big":345},{"scroll":"662","active":1,"pc":100,"nickname":"Dawshank Redemption","fname":"Dawson","isZetaTau":false,"lname":"Hilk","big":631},{"scroll":"346","active":0,"pc":41,"nickname":"Unknown","fname":"Graham","isZetaTau":false,"lname":"MacKenzie","big":332},{"scroll":"396","active":0,"pc":47,"nickname":"Unknown","fname":"Matthew","isZetaTau":false,"lname":"Reece","big":360},{"scroll":"128","active":0,"pc":14,"nickname":"Unknown","fname":"R. Michael","isZetaTau":false,"lname":"Semple","big":105},{"scroll":"521","active":0,"pc":75,"nickname":"Unknown","fname":"Josh","isZetaTau":false,"lname":"Gingrich","big":0},{"scroll":"239","active":0,"pc":27,"nickname":"Unknown","fname":"Ross","isZetaTau":false,"lname":"Doland","big":238},{"scroll":"361","active":0,"pc":42,"nickname":"Unknown","fname":"Christopher","isZetaTau":false,"lname":"Phillips","big":332},{"scroll":"673","active":1,"pc":101,"nickname":"It's a bird! It's a plane! Oh fuck, it's a chair!","fname":"Ryan","isZetaTau":false,"lname":"Mazur","big":667},{"scroll":"0","active":0,"pc":0,"nickname":"Unknown","fname":"Unknown","isZetaTau":false,"lname":"Unknown","big":0},{"scroll":"71","active":0,"pc":5,"nickname":"Unknown","fname":"Kenneth","isZetaTau":false,"lname":"Ngoon","big":0},{"scroll":"243","active":0,"pc":28,"nickname":"Unknown","fname":"David","isZetaTau":false,"lname":"Mahiques","big":229},{"scroll":"337","active":0,"pc":40,"nickname":"Unknown","fname":"Eric","isZetaTau":false,"lname":"Newman","big":292},{"scroll":"637","active":0,"pc":97,"nickname":"GuiBrown","fname":"Zakir","isZetaTau":false,"lname":"Abrahim","big":617},{"scroll":"526","active":0,"pc":75,"nickname":"Unknown","fname":"Michael","isZetaTau":false,"lname":"VanChieri","big":0},{"scroll":"163","active":0,"pc":18,"nickname":"Unknown","fname":"Michael","isZetaTau":false,"lname":"Belz","big":143},{"scroll":"492","active":0,"pc":65,"nickname":"Unknown","fname":"Brennan","isZetaTau":false,"lname":"Kavanaugh","big":472},{"scroll":"5","active":0,"pc":4,"nickname":"Unknown","fname":"John","isZetaTau":true,"lname":"Mahaffey","big":58},{"scroll":"498","active":0,"pc":68,"nickname":"Ruby","fname":"Adam","isZetaTau":false,"lname":"Buehler","big":482},{"scroll":"556","active":0,"pc":85,"nickname":"Carlton","fname":"Jason","isZetaTau":false,"lname":"Hughes","big":550},{"scroll":"165","active":0,"pc":18,"nickname":"Unknown","fname":"Gregory","isZetaTau":false,"lname":"Coffey","big":137},{"scroll":"244","active":0,"pc":28,"nickname":"Unknown","fname":"Bryan","isZetaTau":false,"lname":"Newman","big":188},{"scroll":"153","active":0,"pc":16,"nickname":"Unknown","fname":"Dale","isZetaTau":false,"lname":"Richter","big":114},{"scroll":"119","active":0,"pc":12,"nickname":"Unknown","fname":"David","isZetaTau":false,"lname":"Marks","big":20},{"scroll":"404","active":0,"pc":49,"nickname":"Unknown","fname":"Eric","isZetaTau":false,"lname":"Burnard","big":0},{"scroll":"4","active":0,"pc":0,"nickname":"Unknown","fname":"George","isZetaTau":false,"lname":"Mitten","big":1},{"scroll":"175","active":0,"pc":18,"nickname":"Unknown","fname":"Gary","isZetaTau":false,"lname":"Roshak","big":127},{"scroll":"542","active":0,"pc":79,"nickname":"Keanu","fname":"Charles","isZetaTau":false,"lname":"Panayides","big":506},{"scroll":"227","active":0,"pc":25,"nickname":"Unknown","fname":"Edward","isZetaTau":false,"lname":"Treveiler","big":0},{"scroll":"406","active":0,"pc":50,"nickname":"Unknown","fname":"Anthony","isZetaTau":false,"lname":"Cresho","big":397},{"scroll":"200","active":0,"pc":22,"nickname":"Unknown","fname":"David","isZetaTau":false,"lname":"Marshall","big":179},{"scroll":"555","active":0,"pc":85,"nickname":"Ducktape, Steer","fname":"Jacob","isZetaTau":false,"lname":"Divine","big":540},{"scroll":"248","active":0,"pc":29,"nickname":"Unknown","fname":"Jeffrey","isZetaTau":false,"lname":"Speach","big":0},{"scroll":"582","active":0,"pc":88,"nickname":"Bloody Tea Bag","fname":"William","isZetaTau":false,"lname":"Shorrock","big":530},{"scroll":"381","active":0,"pc":45,"nickname":"Poison","fname":"Stephen","isZetaTau":false,"lname":"Vukosic","big":367},{"scroll":"538","active":0,"pc":78,"nickname":"Shmagoogly","fname":"Michael","isZetaTau":false,"lname":"Sedlack","big":513},{"scroll":"541","active":0,"pc":79,"nickname":"Pocahontas","fname":"Derek","isZetaTau":false,"lname":"Lee","big":0},{"scroll":"44","active":0,"pc":2,"nickname":"Unknown","fname":"Douglas","isZetaTau":false,"lname":"Keuther","big":10},{"scroll":"624","active":0,"pc":94,"nickname":"Rabbit","fname":"Colton","isZetaTau":false,"lname":"Spahmer","big":595},{"scroll":"95","active":0,"pc":0,"nickname":"Unknown","fname":"Robert","isZetaTau":false,"lname":"Church","big":31},{"scroll":"319","active":0,"pc":39,"nickname":"Unknown","fname":"Matthew","isZetaTau":false,"lname":"Gillogly","big":0},{"scroll":"588","active":0,"pc":90,"nickname":"Big Dick Bandit","fname":"Brennan","isZetaTau":false,"lname":"Kiely","big":562},{"scroll":"603","active":0,"pc":93,"nickname":"Gersky's Dog","fname":"Edward","isZetaTau":false,"lname":"Hemp","big":584},{"scroll":"304","active":0,"pc":36,"nickname":"Unknown","fname":"Christopher","isZetaTau":false,"lname":"Tompkins","big":0},{"scroll":"495","active":0,"pc":66,"nickname":"Pinky","fname":"Gregory","isZetaTau":false,"lname":"Humbert","big":493},{"scroll":"356","active":0,"pc":42,"nickname":"Unknown","fname":"Prince","isZetaTau":false,"lname":"Knight","big":345},{"scroll":"571","active":0,"pc":87,"nickname":"What, You Don't Like Money?","fname":"Jerry","isZetaTau":false,"lname":"Pilkenton","big":552},{"scroll":"32","active":0,"pc":2,"nickname":"Unknown","fname":"Roy","isZetaTau":false,"lname":"Wilson","big":6},{"scroll":"41","active":0,"pc":2,"nickname":"Unknown","fname":"Thomas","isZetaTau":false,"lname":"Dietz","big":0},{"scroll":"343","active":0,"pc":40,"nickname":"Unknown","fname":"Eric","isZetaTau":false,"lname":"Senna","big":306},{"scroll":"51","active":0,"pc":0,"nickname":"Unknown","fname":"Robert","isZetaTau":false,"lname":"Zercie","big":17},{"scroll":"522","active":0,"pc":75,"nickname":"Balky","fname":"Prateek","isZetaTau":false,"lname":"Lodha","big":506},{"scroll":"336","active":0,"pc":40,"nickname":"Unknown","fname":"Daniel","isZetaTau":false,"lname":"Meegan","big":321},{"scroll":"591","active":0,"pc":90,"nickname":"Meg","fname":"Timothy","isZetaTau":false,"lname":"Ruth","big":574},{"scroll":"205","active":0,"pc":23,"nickname":"Unknown","fname":"Steven","isZetaTau":false,"lname":"Cornell","big":189},{"scroll":"516","active":0,"pc":74,"nickname":"Unknown","fname":"Mark","isZetaTau":false,"lname":"Stoehrer","big":496},{"scroll":"564","active":0,"pc":87,"nickname":"Mikey Pooh","fname":"Daniel","isZetaTau":false,"lname":"Barton","big":556},{"scroll":"278","active":0,"pc":33,"nickname":"Unknown","fname":"Robert","isZetaTau":false,"lname":"Torgalski","big":206},{"scroll":"285","active":0,"pc":34,"nickname":"Unknown","fname":"Tan","isZetaTau":false,"lname":"Tran","big":273},{"scroll":"375","active":0,"pc":45,"nickname":"Unknown","fname":"Sean","isZetaTau":false,"lname":"Dooley","big":358},{"scroll":"623","active":0,"pc":94,"nickname":"Dr. Girlfriend","fname":"Jarrett","isZetaTau":false,"lname":"Plante","big":614},{"scroll":"238","active":0,"pc":26,"nickname":"Unknown","fname":"Eric","isZetaTau":false,"lname":"Reinitz","big":198},{"scroll":"100","active":0,"pc":10,"nickname":"Unknown","fname":"Ronald","isZetaTau":false,"lname":"Palmer","big":62},{"scroll":"595","active":0,"pc":92,"nickname":"Peppermint Swirl","fname":"Jake","isZetaTau":false,"lname":"Hinds","big":588},{"scroll":"214","active":0,"pc":24,"nickname":"Unknown","fname":"Robert","isZetaTau":false,"lname":"Perini","big":191},{"scroll":"78","active":0,"pc":6,"nickname":"TV","fname":"Thomas","isZetaTau":false,"lname":"Valego","big":35},{"scroll":"154","active":0,"pc":16,"nickname":"Unknown","fname":"Paul","isZetaTau":false,"lname":"Rienth","big":120},{"scroll":"219","active":0,"pc":24,"nickname":"Unknown","fname":"Christopher","isZetaTau":false,"lname":"White","big":204},{"scroll":"362","active":0,"pc":42,"nickname":"Unknown","fname":"Edward","isZetaTau":false,"lname":"Seyerlein","big":321},{"scroll":"405","active":0,"pc":50,"nickname":"Unknown","fname":"Jeffrey","isZetaTau":false,"lname":"Becken","big":377},{"scroll":"587","active":0,"pc":90,"nickname":"Uncle Jemima","fname":"Derrick","isZetaTau":false,"lname":"Agins","big":584},{"scroll":"260","active":0,"pc":32,"nickname":"Unknown","fname":"Winfield","isZetaTau":false,"lname":"Austin","big":0},{"scroll":"483","active":0,"pc":64,"nickname":"Unknown","fname":"Matthew","isZetaTau":false,"lname":"Walldroff","big":0},{"scroll":"400","active":0,"pc":48,"nickname":"Unknown","fname":"Thomas","isZetaTau":false,"lname":"Peragine","big":387},{"scroll":"364","active":0,"pc":43,"nickname":"Unknown","fname":"Luke","isZetaTau":false,"lname":"Leege","big":298},{"scroll":"176","active":0,"pc":18,"nickname":"Unknown","fname":"David","isZetaTau":false,"lname":"Schleider","big":145},{"scroll":"199","active":0,"pc":22,"nickname":"Unknown","fname":"David","isZetaTau":false,"lname":"Hurwitz","big":170},{"scroll":"601","active":0,"pc":93,"nickname":"Scooby's Bitch","fname":"Steve","isZetaTau":false,"lname":"Hayes","big":594},{"scroll":"83","active":0,"pc":7,"nickname":"Unknown","fname":"John","isZetaTau":false,"lname":"Maitner","big":32},{"scroll":"658","active":1,"pc":100,"nickname":"Scroto Faggins","fname":"Armand","isZetaTau":false,"lname":"Florio","big":628},{"scroll":"68","active":0,"pc":5,"nickname":"Unknown","fname":"John","isZetaTau":false,"lname":"Stanton","big":7},{"scroll":"491","active":0,"pc":65,"nickname":"Unknown","fname":"Ryan","isZetaTau":false,"lname":"Cotham","big":0},{"scroll":"188","active":0,"pc":21,"nickname":"Unknown","fname":"Christopher","isZetaTau":false,"lname":"Buendo","big":166},{"scroll":"443","active":0,"pc":55,"nickname":"Unknown","fname":"Robert","isZetaTau":false,"lname":"Langley","big":381},{"scroll":"65","active":0,"pc":5,"nickname":"Unknown","fname":"Bruce","isZetaTau":false,"lname":"Byers","big":53},{"scroll":"308","active":0,"pc":37,"nickname":"Unknown","fname":"Thomas","isZetaTau":false,"lname":"Gyori","big":0},{"scroll":"287","active":0,"pc":35,"nickname":"Unknown","fname":"Willam","isZetaTau":false,"lname":"Anslow","big":255},{"scroll":"223","active":0,"pc":25,"nickname":"Unknown","fname":"Kenneth","isZetaTau":false,"lname":"Gilloon","big":211},{"scroll":"34","active":0,"pc":2,"nickname":"Unknown","fname":"Michael","isZetaTau":false,"lname":"Carr","big":51},{"scroll":"101","active":0,"pc":10,"nickname":"Unknown","fname":"Matthew","isZetaTau":false,"lname":"Cohen","big":53},{"scroll":"504","active":0,"pc":69,"nickname":"Unknown","fname":"Robert","isZetaTau":false,"lname":"Rooker","big":477},{"scroll":"661","active":0,"pc":100,"nickname":"Feel The Bern","fname":"George","isZetaTau":false,"lname":"Haverly","big":628},{"scroll":"23","active":0,"pc":0,"nickname":"Unknown","fname":"Thomas","isZetaTau":false,"lname":"Burke","big":3},{"scroll":"444","active":0,"pc":55,"nickname":"Unknown","fname":"Bruno","isZetaTau":false,"lname":"Telesca","big":384},{"scroll":"157","active":0,"pc":16,"nickname":"Unknown","fname":"James","isZetaTau":false,"lname":"Southwell","big":0},{"scroll":"517","active":0,"pc":75,"nickname":"Unknown","fname":"Alistair","isZetaTau":false,"lname":"Adams","big":515},{"scroll":"213","active":0,"pc":24,"nickname":"Unknown","fname":"James","isZetaTau":false,"lname":"Morton","big":154},{"scroll":"221","active":0,"pc":25,"nickname":"Unknown","fname":"Joseph","isZetaTau":false,"lname":"Bealkowski","big":0},{"scroll":"654","active":1,"pc":100,"nickname":"Scooty Puff","fname":"Dylan","isZetaTau":false,"lname":"Booth","big":641},{"scroll":"586","active":0,"pc":89,"nickname":"Golden Shower","fname":"Dennis","isZetaTau":false,"lname":"Roffo","big":584},{"scroll":"193","active":0,"pc":21,"nickname":"Unknown","fname":"Kurt","isZetaTau":false,"lname":"Leunis","big":145},{"scroll":"464","active":0,"pc":61,"nickname":"Unknown","fname":"Derek","isZetaTau":false,"lname":"Boyle","big":455},{"scroll":"672","active":1,"pc":101,"nickname":"Evan Ney is a Fucking Bitch","fname":"Kenneth","isZetaTau":false,"lname":"Cirigliano","big":656},{"scroll":"111","active":0,"pc":11,"nickname":"Unknown","fname":"Bruce","isZetaTau":false,"lname":"Keiper","big":78},{"scroll":"560","active":0,"pc":86,"nickname":"Heil","fname":"Mathias","isZetaTau":false,"lname":"Hoelzli","big":552},{"scroll":"58","active":0,"pc":1,"nickname":"Unknown","fname":"Michael","isZetaTau":true,"lname":"Baker","big":0},{"scroll":"322","active":0,"pc":39,"nickname":"Unknown","fname":"Jacob","isZetaTau":false,"lname":"Herzog","big":0},{"scroll":"539","active":0,"pc":78,"nickname":"Wiggle Puppy","fname":"Robert","isZetaTau":false,"lname":"Sullivan","big":512},{"scroll":"459","active":0,"pc":59,"nickname":"Unknown","fname":"Christopher","isZetaTau":false,"lname":"Mingone","big":409},{"scroll":"229","active":0,"pc":25,"nickname":"Unknown","fname":"Jon","isZetaTau":false,"lname":"Zimmer","big":214},{"scroll":"209","active":0,"pc":24,"nickname":"Unknown","fname":"Martin","isZetaTau":false,"lname":"Kramer","big":193},{"scroll":"182","active":0,"pc":20,"nickname":"Unknown","fname":"Brian","isZetaTau":false,"lname":"Connolly","big":118},{"scroll":"549","active":0,"pc":82,"nickname":"The Rag","fname":"Michael","isZetaTau":false,"lname":"Klemencic","big":523},{"scroll":"548","active":0,"pc":81,"nickname":"Removed","fname":"Removed","isZetaTau":false,"lname":"Removed","big":544},{"scroll":"520","active":0,"pc":75,"nickname":"Searoy","fname":"Joshua","isZetaTau":false,"lname":"Duewer","big":503},{"scroll":"236","active":0,"pc":26,"nickname":"Unknown","fname":"Thomas","isZetaTau":false,"lname":"Miller","big":0},{"scroll":"416","active":0,"pc":51,"nickname":"Unknown","fname":"Michael","isZetaTau":false,"lname":"Freisem","big":374},{"scroll":"436","active":0,"pc":55,"nickname":"Unknown","fname":"Anthony","isZetaTau":false,"lname":"DeVincentis","big":410},{"scroll":"565","active":0,"pc":87,"nickname":"Bu Bu","fname":"Brendan","isZetaTau":false,"lname":"Galinn","big":554},{"scroll":"388","active":0,"pc":46,"nickname":"Unknown","fname":"Todd","isZetaTau":false,"lname":"Richards","big":227},{"scroll":"159","active":0,"pc":16,"nickname":"Unknown","fname":"Andrew","isZetaTau":false,"lname":"Talcott","big":132},{"scroll":"585","active":0,"pc":89,"nickname":"Removed","fname":"Removed","isZetaTau":false,"lname":"Removed","big":575},{"scroll":"447","active":0,"pc":56,"nickname":"Unknown","fname":"Nhien","isZetaTau":false,"lname":"Ngo","big":419},{"scroll":"178","active":0,"pc":18,"nickname":"Unknown","fname":"William","isZetaTau":false,"lname":"Whitney","big":152},{"scroll":"655","active":1,"pc":100,"nickname":"Fresh Prince of B.O.","fname":"Damien","isZetaTau":false,"lname":"Brown","big":644},{"scroll":"513","active":0,"pc":73,"nickname":"Worm","fname":"Peter","isZetaTau":false,"lname":"Scott","big":505},{"scroll":"282","active":0,"pc":34,"nickname":"Unknown","fname":"Christopher","isZetaTau":false,"lname":"Robson","big":229},{"scroll":"46","active":0,"pc":2,"nickname":"Unknown","fname":"Samuel","isZetaTau":false,"lname":"Radziviliuk","big":0},{"scroll":"19","active":0,"pc":1,"nickname":"Unknown","fname":"John","isZetaTau":true,"lname":"Nelson","big":0},{"scroll":"112","active":0,"pc":11,"nickname":"Unknown","fname":"Stephen","isZetaTau":false,"lname":"McGowan","big":97},{"scroll":"382","active":0,"pc":46,"nickname":"Unknown","fname":"David","isZetaTau":false,"lname":"Card","big":0},{"scroll":"536","active":0,"pc":78,"nickname":"Honey I Shrunk The Kid","fname":"Julien","isZetaTau":false,"lname":"Hass","big":522},{"scroll":"374","active":0,"pc":45,"nickname":"Unknown","fname":"Kevin","isZetaTau":false,"lname":"Colegrove","big":360},{"scroll":"636","active":1,"pc":96,"nickname":"Ebony","fname":"Zachary","isZetaTau":false,"lname":"Samuelson","big":586},{"scroll":"514","active":0,"pc":73,"nickname":"Unknown","fname":"Caleb","isZetaTau":false,"lname":"Sebra","big":493},{"scroll":"284","active":0,"pc":34,"nickname":"Unknown","fname":"Michael","isZetaTau":false,"lname":"Sturge","big":259},{"scroll":"150","active":0,"pc":16,"nickname":"Unknown","fname":"Michael","isZetaTau":false,"lname":"Morris","big":119},{"scroll":"345","active":0,"pc":40,"nickname":"Unknown","fname":"Mark","isZetaTau":false,"lname":"Zolty","big":307},{"scroll":"210","active":0,"pc":24,"nickname":"Unknown","fname":"Neil","isZetaTau":false,"lname":"Markey","big":153},{"scroll":"635","active":0,"pc":96,"nickname":"Ivory","fname":"Maxwell","isZetaTau":false,"lname":"Guerine","big":605},{"scroll":"384","active":0,"pc":46,"nickname":"Unknown","fname":"Vincent","isZetaTau":false,"lname":"Fatato","big":342},{"scroll":"620","active":0,"pc":94,"nickname":"Property Of The Kyle","fname":"Eric","isZetaTau":false,"lname":"Marguerite","big":616},{"scroll":"540","active":0,"pc":79,"nickname":"Minesir","fname":"Richard","isZetaTau":false,"lname":"Allen","big":528},{"scroll":"26","active":0,"pc":3,"nickname":"Unknown","fname":"Keith","isZetaTau":true,"lname":"Delano","big":0},{"scroll":"245","active":0,"pc":28,"nickname":"Unknown","fname":"David","isZetaTau":false,"lname":"Redline","big":140},{"scroll":"465","active":0,"pc":61,"nickname":"Dupid","fname":"Geoffrey","isZetaTau":false,"lname":"Silkey","big":312},{"scroll":"547","active":0,"pc":81,"nickname":"Bebop","fname":"David","isZetaTau":false,"lname":"Van Wart","big":540},{"scroll":"363","active":0,"pc":43,"nickname":"Unknown","fname":"Michael","isZetaTau":false,"lname":"Bouchard","big":296},{"scroll":"158","active":0,"pc":16,"nickname":"Unknown","fname":"Barry","isZetaTau":false,"lname":"Stephens","big":133},{"scroll":"674","active":1,"pc":101,"nickname":"Jank 3: The Saga Continues","fname":"Josue","isZetaTau":false,"lname":"Vasquez","big":645},{"scroll":"480","active":0,"pc":64,"nickname":"Unknown","fname":"Frederick","isZetaTau":false,"lname":"Portz","big":464},{"scroll":"340","active":0,"pc":40,"nickname":"Unknown","fname":"Michael","isZetaTau":false,"lname":"Rattinger","big":0},{"scroll":"55","active":0,"pc":1,"nickname":"Unknown","fname":"Thomas","isZetaTau":true,"lname":"Mergler","big":0},{"scroll":"456","active":0,"pc":58,"nickname":"Unknown","fname":"Jonathan","isZetaTau":false,"lname":"Tripler","big":423},{"scroll":"292","active":0,"pc":36,"nickname":"Unknown","fname":"Dean","isZetaTau":false,"lname":"Burrows","big":0},{"scroll":"663","active":1,"pc":100,"nickname":"Johnny Appelseed","fname":"Matthew","isZetaTau":false,"lname":"Mariano","big":597},{"scroll":"7","active":0,"pc":3,"nickname":"Unknown","fname":"Gregory","isZetaTau":true,"lname":"Appel","big":60},{"scroll":"410","active":0,"pc":50,"nickname":"Unknown","fname":"Bradley","isZetaTau":false,"lname":"McKnight","big":389},{"scroll":"616","active":0,"pc":93,"nickname":"Small Dick Shopper","fname":"Kyle","isZetaTau":false,"lname":"Zarnoch","big":588},{"scroll":"184","active":0,"pc":20,"nickname":"Unknown","fname":"Eliot","isZetaTau":false,"lname":"Hermanson","big":114},{"scroll":"211","active":0,"pc":24,"nickname":"Unknown","fname":"Neil","isZetaTau":false,"lname":"McLaughlin","big":196},{"scroll":"433","active":0,"pc":54,"nickname":"Unknown","fname":"Robert","isZetaTau":false,"lname":"Rider","big":412},{"scroll":"56","active":0,"pc":0,"nickname":"Unknown","fname":"Louis","isZetaTau":false,"lname":"Rotundo","big":0},{"scroll":"203","active":0,"pc":23,"nickname":"Unknown","fname":"Robert","isZetaTau":false,"lname":"Baker","big":195},{"scroll":"11","active":0,"pc":3,"nickname":"Unknown","fname":"Dominick","isZetaTau":true,"lname":"Gasbarre","big":1},{"scroll":"218","active":0,"pc":24,"nickname":"Unknown","fname":"Matthew","isZetaTau":false,"lname":"Truex","big":205},{"scroll":"3","active":0,"pc":999,"nickname":"Unknown","fname":"Douglas","isZetaTau":true,"lname":"Dychko","big":0},{"scroll":"501","active":0,"pc":69,"nickname":"Unknown","fname":"Michael","isZetaTau":false,"lname":"Feness","big":463},{"scroll":"488","active":0,"pc":0,"nickname":"Unknown","fname":"Scott","isZetaTau":false,"lname":"John","big":0},{"scroll":"528","active":0,"pc":77,"nickname":"Uncle Jesse","fname":"Ryan","isZetaTau":false,"lname":"Aguinaldo","big":506},{"scroll":"641","active":1,"pc":97,"nickname":"Jarrett's Punching Bag","fname":"Joseph","isZetaTau":false,"lname":"Pereira","big":620},{"scroll":"70","active":0,"pc":5,"nickname":"Pooch","fname":"Michael","isZetaTau":false,"lname":"Capozzi","big":0},{"scroll":"598","active":0,"pc":93,"nickname":"Tubby Tubby","fname":"Dominick","isZetaTau":false,"lname":"Baker","big":571},{"scroll":"485","active":0,"pc":0,"nickname":"Unknown","fname":"Christopher","isZetaTau":false,"lname":"Den","big":471},{"scroll":"190","active":0,"pc":21,"nickname":"Unknown","fname":"Jeff","isZetaTau":false,"lname":"Hehn","big":180},{"scroll":"562","active":0,"pc":86,"nickname":"Zero Proof","fname":"Davendra","isZetaTau":false,"lname":"Sukha","big":556},{"scroll":"423","active":0,"pc":53,"nickname":"Unknown","fname":"Dennis","isZetaTau":false,"lname":"McGee","big":416},{"scroll":"402","active":0,"pc":48,"nickname":"Unknown","fname":"David","isZetaTau":false,"lname":"Solecki","big":357},{"scroll":"367","active":0,"pc":43,"nickname":"Unknown","fname":"Erik","isZetaTau":false,"lname":"Swanson","big":328},{"scroll":"85","active":0,"pc":7,"nickname":"Unknown","fname":"Peter","isZetaTau":false,"lname":"Tuttle","big":12},{"scroll":"302","active":0,"pc":36,"nickname":"Unknown","fname":"Marc","isZetaTau":false,"lname":"Neuburger","big":267},{"scroll":"263","active":0,"pc":32,"nickname":"Unknown","fname":"Andrew","isZetaTau":false,"lname":"Pearson","big":0},{"scroll":"611","active":0,"pc":93,"nickname":"Vergo Has A Heavy Flow","fname":"Derek","isZetaTau":false,"lname":"Palmerton","big":583},{"scroll":"497","active":0,"pc":68,"nickname":"Unknown","fname":"Paul","isZetaTau":false,"lname":"Bergel","big":477},{"scroll":"294","active":0,"pc":36,"nickname":"Unknown","fname":"Gene","isZetaTau":false,"lname":"Flanders","big":268},{"scroll":"429","active":0,"pc":54,"nickname":"Unknown","fname":"Matthew","isZetaTau":false,"lname":"Hantz","big":416},{"scroll":"288","active":0,"pc":35,"nickname":"Unknown","fname":"Adrian","isZetaTau":false,"lname":"Buck","big":0},{"scroll":"572","active":0,"pc":87,"nickname":"Pig Pen","fname":"Nick","isZetaTau":false,"lname":"Snell","big":551},{"scroll":"550","active":0,"pc":82,"nickname":"Farva","fname":"Daniel","isZetaTau":false,"lname":"Mahoney","big":544},{"scroll":"69","active":0,"pc":5,"nickname":"Unknown","fname":"Wayne","isZetaTau":false,"lname":"Zimmer","big":14},{"scroll":"544","active":0,"pc":80,"nickname":"Hamper Humper","fname":"Franklin","isZetaTau":false,"lname":"Strube","big":542},{"scroll":"425","active":0,"pc":53,"nickname":"Unknown","fname":"Jeffrey","isZetaTau":false,"lname":"Rosenfeld","big":354},{"scroll":"164","active":0,"pc":18,"nickname":"Unknown","fname":"Mark","isZetaTau":false,"lname":"Bourgea","big":142},{"scroll":"20","active":0,"pc":3,"nickname":"Unknown","fname":"Charles","isZetaTau":true,"lname":"Lowe","big":48},{"scroll":"391","active":0,"pc":47,"nickname":"Unknown","fname":"Paul","isZetaTau":false,"lname":"Helling","big":362},{"scroll":"525","active":0,"pc":75,"nickname":"Bitch In The Corner","fname":"Jason","isZetaTau":false,"lname":"Tapley","big":516},{"scroll":"39","active":0,"pc":2,"nickname":"Unknown","fname":"Charles","isZetaTau":false,"lname":"Clemmer","big":26},{"scroll":"424","active":0,"pc":53,"nickname":"Unknown","fname":"Timothy","isZetaTau":false,"lname":"Pennock","big":418},{"scroll":"487","active":0,"pc":0,"nickname":"Unknown","fname":"Unknown","isZetaTau":false,"lname":"Unknown","big":478},{"scroll":"45","active":0,"pc":2,"nickname":"Unknown","fname":"Noel","isZetaTau":false,"lname":"Blatt","big":17},{"scroll":"358","active":0,"pc":42,"nickname":"Unknown","fname":"Vincent","isZetaTau":false,"lname":"Modarelli","big":0},{"scroll":"664","active":1,"pc":100,"nickname":"White & Mild","fname":"Joshua","isZetaTau":false,"lname":"Middleton","big":627},{"scroll":"270","active":0,"pc":33,"nickname":"Unknown","fname":"Joseph","isZetaTau":false,"lname":"Frissora","big":229},{"scroll":"312","active":0,"pc":39,"nickname":"Rugburn","fname":"James","isZetaTau":false,"lname":"Adams","big":289},{"scroll":"413","active":0,"pc":50,"nickname":"Unknown","fname":"Joshua","isZetaTau":false,"lname":"Weisberg","big":402},{"scroll":"512","active":0,"pc":73,"nickname":"Ralph","fname":"Joseph","isZetaTau":false,"lname":"Schork","big":473},{"scroll":"276","active":0,"pc":33,"nickname":"Unknown","fname":"Robert","isZetaTau":false,"lname":"Southwell","big":239},{"scroll":"123","active":0,"pc":13,"nickname":"Unknown","fname":"John","isZetaTau":false,"lname":"Shannon","big":104},{"scroll":"596","active":0,"pc":92,"nickname":"Dick Wanderer","fname":"Theodore","isZetaTau":false,"lname":"Wrzos","big":584},{"scroll":"124","active":0,"pc":14,"nickname":"Unknown","fname":"William","isZetaTau":false,"lname":"Allen","big":96},{"scroll":"161","active":0,"pc":17,"nickname":"Unknown","fname":"Craig","isZetaTau":false,"lname":"Alford","big":117},{"scroll":"181","active":0,"pc":19,"nickname":"Unknown","fname":"James","isZetaTau":false,"lname":"Porto","big":160},{"scroll":"74","active":0,"pc":6,"nickname":"Unknown","fname":"Scott","isZetaTau":false,"lname":"Perkins","big":69},{"scroll":"37","active":0,"pc":2,"nickname":"Unknown","fname":"Peter","isZetaTau":false,"lname":"Finke","big":20},{"scroll":"291","active":0,"pc":36,"nickname":"Unknown","fname":"Eric","isZetaTau":false,"lname":"Bischof","big":239},{"scroll":"409","active":0,"pc":50,"nickname":"Unknown","fname":"Daniel","isZetaTau":false,"lname":"Gold","big":381},{"scroll":"369","active":0,"pc":44,"nickname":"Unknown","fname":"Eric","isZetaTau":false,"lname":"Cwynar","big":345},{"scroll":"93","active":0,"pc":0,"nickname":"Unknown","fname":"James","isZetaTau":false,"lname":"Candreva","big":88},{"scroll":"321","active":0,"pc":39,"nickname":"Unknown","fname":"David","isZetaTau":false,"lname":"Haviland","big":265},{"scroll":"160","active":0,"pc":16,"nickname":"Unknown","fname":"Craig","isZetaTau":false,"lname":"Urciuoli","big":122},{"scroll":"29","active":0,"pc":1,"nickname":"Unknown","fname":"Edwin","isZetaTau":true,"lname":"Lore","big":0},{"scroll":"414","active":0,"pc":50,"nickname":"Unknown","fname":"Joshua","isZetaTau":false,"lname":"Zito","big":392},{"scroll":"370","active":0,"pc":44,"nickname":"Unknown","fname":"Douglas","isZetaTau":false,"lname":"Sheridan","big":367},{"scroll":"86","active":0,"pc":7,"nickname":"Unknown","fname":"Kenneth","isZetaTau":false,"lname":"Fallon","big":53},{"scroll":"21","active":0,"pc":1,"nickname":"Unknown","fname":"Danniel","isZetaTau":true,"lname":"Hebert","big":0},{"scroll":"333","active":0,"pc":40,"nickname":"Unknown","fname":"Michael","isZetaTau":false,"lname":"Beygelman","big":244},{"scroll":"25","active":0,"pc":1,"nickname":"Unknown","fname":"Philip","isZetaTau":true,"lname":"Nelson","big":0},{"scroll":"563","active":0,"pc":87,"nickname":"New England Clam Chowder On Rye","fname":"Adam","isZetaTau":false,"lname":"Allocco","big":528},{"scroll":"134","active":0,"pc":15,"nickname":"Unknown","fname":"Wayne","isZetaTau":false,"lname":"Smolinski","big":86},{"scroll":"177","active":0,"pc":18,"nickname":"Unknown","fname":"Alfred","isZetaTau":false,"lname":"Wagner","big":131},{"scroll":"592","active":0,"pc":91,"nickname":"Stupid","fname":"Lucas","isZetaTau":false,"lname":"Netti","big":579},{"scroll":"125","active":0,"pc":14,"nickname":"Unknown","fname":"Michael","isZetaTau":false,"lname":"Kuzma","big":68},{"scroll":"185","active":0,"pc":20,"nickname":"Unknown","fname":"Shawn","isZetaTau":false,"lname":"Olsen","big":126},{"scroll":"235","active":0,"pc":26,"nickname":"Unknown","fname":"Mark","isZetaTau":false,"lname":"Lilly","big":0},{"scroll":"12","active":0,"pc":0,"nickname":"Unknown","fname":"Robert","isZetaTau":false,"lname":"Ellis","big":10},{"scroll":"415","active":0,"pc":51,"nickname":"Unknown","fname":"Justin","isZetaTau":false,"lname":"Aiello","big":371},{"scroll":"428","active":0,"pc":54,"nickname":"Unknown","fname":"Phuong","isZetaTau":false,"lname":"Ha","big":0},{"scroll":"17","active":0,"pc":1,"nickname":"Unknown","fname":"Steven","isZetaTau":true,"lname":"Benton","big":0},{"scroll":"350","active":0,"pc":42,"nickname":"Unknown","fname":"Ron","isZetaTau":false,"lname":"Amstutz","big":277},{"scroll":"67","active":0,"pc":5,"nickname":"Unknown","fname":"Eric","isZetaTau":false,"lname":"Schwartz","big":62},{"scroll":"558","active":0,"pc":86,"nickname":"Rank Ass Spic","fname":"Josue","isZetaTau":false,"lname":"Alvarez","big":545},{"scroll":"546","active":0,"pc":81,"nickname":"Can You Hear Me Now?","fname":"Luke","isZetaTau":false,"lname":"Smith","big":542},{"scroll":"10","active":0,"pc":4,"nickname":"Unknown","fname":"William","isZetaTau":true,"lname":"Badge","big":11},{"scroll":"226","active":0,"pc":25,"nickname":"Unknown","fname":"John","isZetaTau":false,"lname":"Speach","big":0},{"scroll":"57","active":0,"pc":1,"nickname":"Unknown","fname":"George","isZetaTau":true,"lname":"Behrens","big":0},{"scroll":"47","active":0,"pc":1,"nickname":"Unknown","fname":"Robert","isZetaTau":true,"lname":"Brunea","big":0},{"scroll":"196","active":0,"pc":21,"nickname":"Unknown","fname":"Sanford","isZetaTau":false,"lname":"Savitz","big":134},{"scroll":"197","active":0,"pc":21,"nickname":"Unknown","fname":"Jay","isZetaTau":false,"lname":"Yung","big":154},{"scroll":"660","active":0,"pc":100,"nickname":"Pabst Blue Ranch","fname":"Hussein","isZetaTau":false,"lname":"Hamdan","big":635},{"scroll":"215","active":0,"pc":24,"nickname":"Unknown","fname":"Michael","isZetaTau":false,"lname":"Pinkowski","big":187},{"scroll":"532","active":0,"pc":77,"nickname":"Kokrott","fname":"Patrick","isZetaTau":false,"lname":"McKenna","big":525},{"scroll":"606","active":0,"pc":93,"nickname":"Double Justin Ass Pounder With Cheese","fname":"Zachary","isZetaTau":false,"lname":"Kutik","big":559},{"scroll":"627","active":0,"pc":95,"nickname":"D Money's Slam Piece","fname":"Nicolas","isZetaTau":false,"lname":"Deriu","big":618},{"scroll":"667","active":1,"pc":100,"nickname":"Is This Your Card?","fname":"Brent","isZetaTau":false,"lname":"Neves","big":636},{"scroll":"486","active":0,"pc":0,"nickname":"Unknown","fname":"Frederick","isZetaTau":false,"lname":"Claudes","big":472},{"scroll":"15","active":0,"pc":3,"nickname":"Unknown","fname":"Thomas","isZetaTau":true,"lname":"Smith","big":4},{"scroll":"617","active":0,"pc":94,"nickname":"GuiBro","fname":"Matthew","isZetaTau":false,"lname":"DePalo","big":578},{"scroll":"621","active":0,"pc":94,"nickname":"Ted's Piss Bucket","fname":"Andrew","isZetaTau":false,"lname":"Mueller","big":610},{"scroll":"490","active":0,"pc":65,"nickname":"Unknown","fname":"Brian","isZetaTau":false,"lname":"Coughlin","big":471},{"scroll":"149","active":0,"pc":16,"nickname":"Unknown","fname":"Daniel","isZetaTau":false,"lname":"Monaghan","big":97},{"scroll":"216","active":0,"pc":24,"nickname":"Unknown","fname":"Eric","isZetaTau":false,"lname":"Richards","big":190},{"scroll":"389","active":0,"pc":46,"nickname":"Unknown","fname":"Thomas","isZetaTau":false,"lname":"Roman","big":348},{"scroll":"267","active":0,"pc":33,"nickname":"Unknown","fname":"Matthew","isZetaTau":false,"lname":"Cole","big":261},{"scroll":"668","active":1,"pc":100,"nickname":"Kim Jong Dos","fname":"HeeJae","isZetaTau":false,"lname":"Shin","big":649},{"scroll":"166","active":0,"pc":18,"nickname":"Unknown","fname":"Mark","isZetaTau":false,"lname":"Dunn","big":132},{"scroll":"42","active":0,"pc":2,"nickname":"Unknown","fname":"Stephen","isZetaTau":false,"lname":"Gloo","big":11},{"scroll":"183","active":0,"pc":20,"nickname":"Unknown","fname":"Timothy","isZetaTau":false,"lname":"Fletcher","big":180},{"scroll":"43","active":0,"pc":2,"nickname":"Unknown","fname":"Richard","isZetaTau":false,"lname":"Hradsky","big":0},{"scroll":"545","active":0,"pc":81,"nickname":"Rank Ass Cooch","fname":"Christopher","isZetaTau":false,"lname":"Gersky","big":531},{"scroll":"376","active":0,"pc":45,"nickname":"Unknown","fname":"Jon","isZetaTau":false,"lname":"Gladish","big":350},{"scroll":"355","active":0,"pc":42,"nickname":"Unknown","fname":"William","isZetaTau":false,"lname":"Hawkins","big":265},{"scroll":"463","active":0,"pc":61,"nickname":"Nixon","fname":"Geoffrey","isZetaTau":false,"lname":"Becker","big":453},{"scroll":"14","active":0,"pc":3,"nickname":"Unknown","fname":"James","isZetaTau":true,"lname":"Compton","big":49},{"scroll":"72","active":0,"pc":6,"nickname":"Unknown","fname":"Paul","isZetaTau":false,"lname":"Bidanset","big":9},{"scroll":"225","active":0,"pc":25,"nickname":"Unknown","fname":"David","isZetaTau":false,"lname":"Lloyd","big":191},{"scroll":"581","active":0,"pc":88,"nickname":"Alter Boy","fname":"Johnathan","isZetaTau":false,"lname":"Shepard","big":565},{"scroll":"354","active":0,"pc":42,"nickname":"Unknown","fname":"Anthony","isZetaTau":false,"lname":"Giamis","big":348},{"scroll":"476","active":0,"pc":64,"nickname":"Unknown","fname":"Tony","isZetaTau":false,"lname":"Chiappone","big":451},{"scroll":"347","active":0,"pc":41,"nickname":"Unknown","fname":"John","isZetaTau":false,"lname":"Murphy","big":0},{"scroll":"122","active":0,"pc":12,"nickname":"Unknown","fname":"Richard","isZetaTau":false,"lname":"Stamp","big":93},{"scroll":"474","active":0,"pc":64,"nickname":"Unknown","fname":"George","isZetaTau":false,"lname":"Apazidis","big":468},{"scroll":"162","active":0,"pc":18,"nickname":"Unknown","fname":"Daniel","isZetaTau":false,"lname":"Adams","big":134},{"scroll":"575","active":0,"pc":87,"nickname":"Suped Up S-10","fname":"John","isZetaTau":false,"lname":"Wilson","big":553},{"scroll":"373","active":0,"pc":45,"nickname":"Unknown","fname":"David","isZetaTau":false,"lname":"Cole","big":351},{"scroll":"233","active":0,"pc":26,"nickname":"Unknown","fname":"Frank","isZetaTau":false,"lname":"Germano","big":223},{"scroll":"313","active":0,"pc":39,"nickname":"Unknown","fname":"Patrick","isZetaTau":false,"lname":"Bastian","big":306},{"scroll":"590","active":0,"pc":90,"nickname":"Pedophile Dave","fname":"David","isZetaTau":false,"lname":"Petko","big":573},{"scroll":"646","active":1,"pc":98,"nickname":"Dennis Is A Prick","fname":"Aaron","isZetaTau":false,"lname":"Stadler","big":636},{"scroll":"259","active":0,"pc":31,"nickname":"Unknown","fname":"Angelo","isZetaTau":false,"lname":"Quagliata","big":255},{"scroll":"477","active":0,"pc":64,"nickname":"Unknown","fname":"Kevin","isZetaTau":false,"lname":"Ferber","big":465},{"scroll":"318","active":0,"pc":39,"nickname":"Unknown","fname":"Paul","isZetaTau":false,"lname":"Foster","big":0},{"scroll":"472","active":0,"pc":63,"nickname":"Dunger","fname":"Luke","isZetaTau":false,"lname":"Anderson","big":471},{"scroll":"73","active":0,"pc":6,"nickname":"Unknown","fname":"David","isZetaTau":false,"lname":"Meislin","big":0},{"scroll":"310","active":0,"pc":38,"nickname":"Unknown","fname":"Michael","isZetaTau":false,"lname":"Ingersol","big":291},{"scroll":"434","active":0,"pc":54,"nickname":"Unknown","fname":"Charles","isZetaTau":false,"lname":"Roberts","big":362},{"scroll":"604","active":0,"pc":93,"nickname":"No Grass Play In The Mud","fname":"Kristopher","isZetaTau":false,"lname":"Kidder","big":590},{"scroll":"398","active":0,"pc":47,"nickname":"Unknown","fname":"Michael","isZetaTau":false,"lname":"Stark","big":354},{"scroll":"530","active":0,"pc":77,"nickname":"Care Bear","fname":"Michael","isZetaTau":false,"lname":"DeSilva","big":513},{"scroll":"506","active":0,"pc":70,"nickname":"Scuba Steve","fname":"Samir","isZetaTau":false,"lname":"Jain","big":495},{"scroll":"220","active":0,"pc":24,"nickname":"Unknown","fname":"Robert","isZetaTau":false,"lname":"Wolf","big":170},{"scroll":"127","active":0,"pc":14,"nickname":"Unknown","fname":"R. Thomas","isZetaTau":false,"lname":"Sellman","big":97},{"scroll":"411","active":0,"pc":50,"nickname":"Unknown","fname":"Adam","isZetaTau":false,"lname":"Platz","big":379},{"scroll":"408","active":0,"pc":50,"nickname":"Unknown","fname":"John","isZetaTau":false,"lname":"Fredette","big":384},{"scroll":"317","active":0,"pc":39,"nickname":"Unknown","fname":"James","isZetaTau":false,"lname":"Evans","big":278},{"scroll":"607","active":0,"pc":93,"nickname":"Rank Ass Holocaust","fname":"Christian","isZetaTau":false,"lname":"Lemiuex","big":545},{"scroll":"129","active":0,"pc":14,"nickname":"Unknown","fname":"Lee","isZetaTau":false,"lname":"Steigerwald","big":74},{"scroll":"453","active":0,"pc":58,"nickname":"Hambone","fname":"James","isZetaTau":false,"lname":"Fleming","big":442},{"scroll":"138","active":0,"pc":16,"nickname":"Unknown","fname":"Gregory","isZetaTau":false,"lname":"Beckerink","big":123},{"scroll":"335","active":0,"pc":40,"nickname":"Unknown","fname":"John","isZetaTau":false,"lname":"McLaughlin","big":287}]
, "officers":[{"title":"Prytanis","current":630},{"title":"Epiprytanis","current":635},
              {"title":"Histor","current":628},{"title":"Hegemon","current":620},
              {"title":"Hypophetes","current":634},{"title":"Pylortes","current":618},
              {"title":"Grammateus","current":629},{"title":"Crysophylos","current":600}]
}
